Workbook

Sheet Database
A1: REFCODE | B1: Formula | C1: Study_ID | D1: Common Name | E1: IUPAC Systematic Name | F1: Other Names | G1: CSD Refcodes | H1: Update Molecules Table | I1: Check CSD | J1: File location | K1: Scientist | L1: Programs | M1: Publication | N1: Date | O1: Update experimental info | P1: Mini document location | Q1: Add Packing coefficients | R1: Find key structures | S1: DFT-D calculations | T1: Upload to database | U1: Download spreadsheet | V1: Motif information? | W1: Date to Github | X1: Github | Y1: Chemiscope | Z1: Number of polymorphs | AA1: Number of structures | AB1: Energy range / kJ mol-1 | AC1: Refcode | AD1: Folder | AE1: Webname | AF1: CommonName | AG1: DateUpdated | AH1: LandscapeSuffixes | AI1: CSD version | AJ1: Formula | AK1: Family | AL1: Searches | AM1: Studies | AN1: PaperSI
A2: ACRDIN | B2: C13 H9 N1 | C2: 0 | D2: Acridine | E2: Acridine | F2: Acridine | G2: ACRDIN04, ACRDIN07, ACRDIN08, ACRDIN02, ACRDIN05, ACRDIN06, ACRDIN12 | H2: Yes | I2: Yes, CSD version 5.44 with Apr 2023 update | J2: \CHEMISTRY_CPOSS\Acridine\ACRDIN_CONDOR | K2: Louise Price / Einat Schur | L2: MOLPAK, DMACRYS_2.0.4 (on CONDOR) | M2: See Study_ID=20 | N2: 2010 | O2: Yes | P2: See Study_ID=20 | Q2: Yes | R2: N/A | S2: N/A | T2: Yes | U2: Yes | W2: wc 10/03/2025 | X2: Acridine_A1 | Y2: Yes | Z2: 6 | AA2: 582 | AB2: 20.42 | AC2: =IF(AND(A2<>A1,T2="Yes"),A2,"") -> ACRDIN | AD2: =AE2 -> Acridine | AE2: =IF(AC2="","",MID(X2,1,(FIND("_",X2))-1)) -> Acridine | AF2: =AE2 -> Acridine | AG2: March2024 | AH2: B2,lines | AI2: =IF(AC2="","",SUBSTITUTE(IF(MID(I2,1,5)="Yes, ",MID(I2,6,100),I2)," ",",")) -> CSD,version,5.44,with,Apr,2023,update | AJ2: =IF(AC2="","",SUBSTITUTE(B2," ",",")) -> C13,H9,N1 | AK2: CPOSS209 | AL2: 2 | AM2: 3 | AN2: =IF(AM2<>"",CONCATENATE(AC2," & \ce{",SUBSTITUTE(AJ2,","," "),"} & ",SUBSTITUTE(AF2,"."," ")," & ",AL2," & ",AM2," \\"),"") -> ACRDIN & \ce{C13 H9 N1} & Acridine & 2 & 3 \\
A3: ACRDIN | B3: C13 H9 N1 | C3: 20 | D3: Acridine | E3: Acridine | F3: Acridine | G3: ACRDIN04, ACRDIN07, ACRDIN08, ACRDIN02, ACRDIN05, ACRDIN06, ACRDIN12 | H3: Yes | I3: Yes, CSD version 5.44 with Apr 2023 update | J3: \CHEMISTRY_CPOSS\Acridine\ACRDIN_CP | K3: Louise Price / Einat Schur (Rui Guo) | L3: CrystalPredictor_v_unknown, DMACRYS_2.0.4 | M3: Schur, E.; Bernstein, J.; Price, L. S.; Guo, R.; Price, S. L.; Lapidus, S. H.; Stephens, P. W., 2019, 9, (18), 4884-4893. | N3: 2010 | O3: Yes | P3: Yes | Q3: Yes | R3: Yes | S3: Rui has done it | T3: Yes | U3: Yes | W3: wc 10/03/2025 | X3: Acridine_B1 | Y3: Yes | Z3: 6 | AA3: 756 | AB3: 10 | AC3: =IF(AND(A3<>A2,T3="Yes"),A3,"") | AE3: =IF(AC3="","",MID(X3,1,(FIND("_",X3))-1)) | AI3: =IF(AC3="","",SUBSTITUTE(IF(MID(I3,1,5)="Yes, ",MID(I3,6,100),I3)," ",",")) | AJ3: =IF(AC3="","",SUBSTITUTE(B3," ",",")) | AN3: =IF(AM3<>"",CONCATENATE(AC3," & ",SUBSTITUTE(AJ3,","," ")," & ",SUBSTITUTE(AF3,"."," ")," & ",AL3," & ",AM3," \\"),"")
A4: ACRDIN | B4: C13 H9 N1 | C4: 21 | D4: Acridine | E4: Acridine | F4: Acridine | G4: ACRDIN04, ACRDIN07, ACRDIN08, ACRDIN02, ACRDIN05, ACRDIN06, ACRDIN12 | H4: Yes | I4: Yes, CSD version 5.44 with Apr 2023 update | J4: \CHEMISTRY_CPOSS\Acridine\ACRDIN_DFT | K4: Louise Price | L4: Study_ID=20, DMACRYS (2.3.1.1) | M4: Database updating paper | N4: 45383 | O4: Yes | P4: See Study_ID=20 | Q4: Yes | R4: Yes | S4: Louise has done it | T4: Yes | U4: Yes | W4: wc 10/03/2025 | X4: Acridine_B2 | Y4: Yes | Z4: 6 | AA4: 755 | AB4: 11.164 | AC4: =IF(AND(A4<>A3,T4="Yes"),A4,"") | AE4: =IF(AC4="","",MID(X4,1,(FIND("_",X4))-1)) | AI4: =IF(AC4="","",SUBSTITUTE(IF(MID(I4,1,5)="Yes, ",MID(I4,6,100),I4)," ",",")) | AJ4: =IF(AC4="","",SUBSTITUTE(B4," ",",")) | AN4: =IF(AM4<>"",CONCATENATE(AC4," & ",SUBSTITUTE(AJ4,","," ")," & ",SUBSTITUTE(AF4,"."," ")," & ",AL4," & ",AM4," \\"),"")
A5: ACSALA | B5: C9 H8 O4 | C5: 0 | D5: Aspirin | E5: 2-Acetoxybenzoic acid | F5: Acetyl salicylic acid | G5: ACSALA21, ACSALA20, ACSALA23 | H5: Yes | I5: Yes, CSD version 5.41 | J5: \CHEMISTRY_CPOSS\0-EarlySearches\home\louise_price.eminerals\Aspirin | K5: Carole Ouvrard | L5: MOLPAK, DMAREL (3.0) | M5: Ouvrard, C., Price, S. L., Special Issue of Crystal Growth and Design, 4(6), 1119-1127 (2004) | N5: 2004 | O5: Yes | P5: In ACSALA_overview | Q5: Yes | T5: Yes | U5: Yes | W5: wc 15/12/2025 | X5: Aspirin_A1 | Y5: Yes | Z5: 3 | AA5: 13 | AB5: 5.59 | AC5: =IF(AND(A5<>A4,T5="Yes"),A5,"") -> ACSALA | AD5: Aspirin | AE5: =IF(AC5="","",MID(X5,1,(FIND("_",X5))-1)) -> Aspirin | AF5: =AE5 -> Aspirin | AG5: December2025 | AH5: A1 | AI5: =IF(AC5="","",SUBSTITUTE(IF(MID(I5,1,5)="Yes, ",MID(I5,6,100),I5)," ",",")) -> CSD,version,5.41 | AJ5: =IF(AC5="","",SUBSTITUTE(B5," ",",")) -> C9,H8,O4 | AL5: 1 | AM5: 1 | AN5: =IF(AM5<>"",CONCATENATE(AC5," & \ce{",SUBSTITUTE(AJ5,","," "),"} & ",SUBSTITUTE(AF5,"."," ")," & ",AL5," & ",AM5," \\"),"") -> ACSALA & \ce{C9 H8 O4} & Aspirin & 1 & 1 \\
A6: AFEBUI | B6: C7 H5 N1 O4 | C6: 0 | D6: Dipicolinic Acid | E6: Pyridine-2,6-dicarboxylic acid | G6: AFEBUI03 | H6: Yes | I6: Yes, CSD version 6.01 with Feb 2026 update | J6: \CHEMISTRY_CPOSS\DipicolinicAcid | K6: Not sure | L6: MOLPAK, DMACRYS (2.0.4) | M6: No publication planned | N6: pre-2010 | O6: Yes | P6: In AFEBUI_overview | Q6: Yes | T6: Yes | U6: Yes | W6: wc 01/06/2026 | X6: DipicolinicAcid_A1 | Y6: Yes | Z6: 1 | AA6: 365 | AB6: 25.32 | AC6: =IF(AND(A6<>A5,T6="Yes"),A6,"") -> AFEBUI | AD6: DipicolinicAcid | AE6: =IF(AC6="","",MID(X6,1,(FIND("_",X6))-1)) -> DipicolinicAcid | AF6: Dipicolinic.Acid | AG6: June2026 | AH6: A1 | AI6: =IF(AC6="","",SUBSTITUTE(IF(MID(I6,1,5)="Yes, ",MID(I6,6,100),I6)," ",",")) -> CSD,version,6.01,with,Feb,2026,update | AJ6: =IF(AC6="","",SUBSTITUTE(B6," ",",")) -> C7,H5,N1,O4 | AL6: 1 | AM6: 1 | AN6: =IF(AM6<>"",CONCATENATE(AC6," & \ce{",SUBSTITUTE(AJ6,","," "),"} & ",SUBSTITUTE(AF6,"."," ")," & ",AL6," & ",AM6," \\"),"") -> AFEBUI & \ce{C7 H5 N1 O4} & Dipicolinic Acid & 1 & 1 \\
A7: AFIGOO | B7: C2 H3 N1 O3 | C7: 0 | D7: Oxamic acid | E7: 2-amino-2-oxoacetic acid | G7: AFIGOO | H7: Yes | I7: Yes, CSD version 6.01 with Feb 2026 update | J7: \CHEMISTRY_CPOSS\0-EarlySearches\home\louise_price.eminerals\oxamic_acid | K7: Not sure | L7: MOLPAK, DMAREL (4.1.1) | M7: No publication planned | N7: pre-2010 | O7: Yes | P7: In AFIGOO_overview | Q7: Yes | T7: Yes | U7: Yes | W7: wc 01/06/2026 | X7: OxamicAcid_A1 | Y7: Yes | Z7: 1 | AA7: 350 | AB7: 19.52 | AC7: =IF(AND(A7<>A6,T7="Yes"),A7,"") -> AFIGOO | AD7: OxamicAcid | AE7: =IF(AC7="","",MID(X7,1,(FIND("_",X7))-1)) -> OxamicAcid | AF7: Oxamic.Acid | AG7: June2026 | AH7: A1 | AI7: =IF(AC7="","",SUBSTITUTE(IF(MID(I7,1,5)="Yes, ",MID(I7,6,100),I7)," ",",")) -> CSD,version,6.01,with,Feb,2026,update | AJ7: =IF(AC7="","",SUBSTITUTE(B7," ",",")) -> C2,H3,N1,O3 | AL7: 1 | AM7: 1 | AN7: =IF(AM7<>"",CONCATENATE(AC7," & \ce{",SUBSTITUTE(AJ7,","," "),"} & ",SUBSTITUTE(AF7,"."," ")," & ",AL7," & ",AM7," \\"),"") -> AFIGOO & \ce{C2 H3 N1 O3} & Oxamic Acid & 1 & 1 \\
A8: ALOXAN | B8: C4 H2 N2 O4 | C8: 0 | D8: Alloxan | E8: Pyrimidine-2,4,5,6-tetraone | G8: ALOXAN11, ALOXAN14 | H8: Yes | I8: Yes, CSD version 6.01 with Feb 2026 update | J8: \CHEMISTRY_CPOSS\0-EarlySearches\home\louise_price.eminerals\alloxan | K8: Tom Lewis | L8: MOLPAK, DMAREL (3.0) | M8: Lewis, T. C., Tocher, D. A., Price, S. L., Cryst. Growth Des., 5(3), 983-993 (2005) | N8: 2005 | O8: Yes | P8: In ALOXAN_overview | Q8: Yes | T8: Yes | U8: Yes | W8: wc 20/04/2026 | X8: Alloxan_A1 | Y8: Yes | Z8: 1 | AA8: 28 | AB8: 9.49 | AC8: =IF(AND(A8<>A7,T8="Yes"),A8,"") -> ALOXAN | AD8: Alloxan | AE8: =IF(AC8="","",MID(X8,1,(FIND("_",X8))-1)) -> Alloxan | AF8: =AE8 -> Alloxan | AG8: April2026 | AH8: A1 | AI8: =IF(AC8="","",SUBSTITUTE(IF(MID(I8,1,5)="Yes, ",MID(I8,6,100),I8)," ",",")) -> CSD,version,6.01,with,Feb,2026,update | AJ8: =IF(AC8="","",SUBSTITUTE(B8," ",",")) -> C4,H2,N2,O4 | AL8: 1 | AM8: 1 | AN8: =IF(AM8<>"",CONCATENATE(AC8," & \ce{",SUBSTITUTE(AJ8,","," "),"} & ",SUBSTITUTE(AF8,"."," ")," & ",AL8," & ",AM8," \\"),"") -> ALOXAN & \ce{C4 H2 N2 O4} & Alloxan & 1 & 1 \\
A9: AMBNAC | B9: C7 H7 N1 O2 | C9: 10 | D9: p-Aminobenzoic acid | E9: 4-Aminobenzoic acid | G9: AMBNAC19, AMBNAC12, AMBNAC16, AMBNAC09 | H9: Yes | I9: Yes, CSD version 6.01 with Feb 2026 update | J9: \CHEMISTRY_CPOSS\0-EarlySearches\home\louise_price.eminerals\aminobenzoic_acid_fit | K9: Nizar Issa / Panos Karamertzanis | L9: Study_ID=12, DMAREL (4.3.6) | M9: See Study_ID=12 | N9: 2009 | O9: Yes | P9: See Study_ID=12 | Q9: Yes | T9: Yes | U9: Yes | W9: wc 06/04/2026 | X9: AminobenzoicAcid_A3 | Y9: Yes | Z9: 1 | AA9: 59 | AB9: 26.512 | AC9: =IF(AND(A9<>A8,T9="Yes"),A9,"") -> AMBNAC | AD9: AminobenzoicAcid | AE9: =IF(AC9="","",MID(X9,1,(FIND("_",X9))-1)) -> AminobenzoicAcid | AF9: Aminobenzoic.Acid | AG9: April2026 | AH9: A2 | AI9: =IF(AC9="","",SUBSTITUTE(IF(MID(I9,1,5)="Yes, ",MID(I9,6,100),I9)," ",",")) -> CSD,version,6.01,with,Feb,2026,update | AJ9: =IF(AC9="","",SUBSTITUTE(B9," ",",")) -> C7,H7,N1,O2 | AL9: 1 | AM9: 3 | AN9: =IF(AM9<>"",CONCATENATE(AC9," & \ce{",SUBSTITUTE(AJ9,","," "),"} & ",SUBSTITUTE(AF9,"."," ")," & ",AL9," & ",AM9," \\"),"") -> AMBNAC & \ce{C7 H7 N1 O2} & Aminobenzoic Acid & 1 & 3 \\
A10: AMBNAC | B10: C7 H7 N1 O2 | C10: 11 | D10: p-Aminobenzoic acid | E10: 4-Aminobenzoic acid | G10: AMBNAC19, AMBNAC12, AMBNAC16, AMBNAC09 | H10: Yes | I10: Yes, CSD version 6.01 with Feb 2026 update | J10: \CHEMISTRY_CPOSS\0-EarlySearches\home\louise_price.eminerals\aminobenzoic_acid_will_singlepoint | K10: Nizar Issa / Panos Karamertzanis | L10: Flexible CrystalPredictor (1), DMAflex-Q, DMAflex (single iteration), DMACRYS (1.1.0) | M10: See Study_ID=12 | N10: 2009 | O10: Yes | P10: See Study_ID=12 | Q10: Yes | T10: Yes | U10: Yes | W10: wc 06/04/2026 | X10: AminobenzoicAcid_A1 | Y10: Yes | Z10: 1 | AA10: 605 | AB10: 37.685 | AC10: =IF(AND(A10<>A9,T10="Yes"),A10,"") | AE10: =IF(AC10="","",MID(X10,1,(FIND("_",X10))-1)) | AI10: =IF(AC10="","",SUBSTITUTE(IF(MID(I10,1,5)="Yes, ",MID(I10,6,100),I10)," ",",")) | AJ10: =IF(AC10="","",SUBSTITUTE(B10," ",",")) | AN10: =IF(AM10<>"",CONCATENATE(AC10," & ",SUBSTITUTE(AJ10,","," ")," & ",SUBSTITUTE(AF10,"."," ")," & ",AL10," & ",AM10," \\"),"")
A11: AMBNAC | B11: C7 H7 N1 O2 | C11: 12 | D11: p-Aminobenzoic acid | E11: 4-Aminobenzoic acid | G11: AMBNAC19, AMBNAC12, AMBNAC16, AMBNAC09 | H11: Yes | I11: Yes, CSD version 6.01 with Feb 2026 update | J11: \CHEMISTRY_CPOSS\0-EarlySearches\home\louise_price.eminerals\aminobenzoic_acid_will_full | K11: Nizar Issa / Panos Karamertzanis | L11: Study_ID=11, DMAflex, DMACRYS (1.1.0) | M11: Karamertzanis PG, Kazantsev AV, Issa N, Welch GWA, Adjiman CS, Pantelides CC, Price SL 2009. J Chem Theory Comput 5, 1432-1448. | N11: 2009 | O11: Yes | P11: In AMBNAC_overview | Q11: Yes | T11: Yes | U11: Yes | W11: wc 06/04/2026 | X11: AminobenzoicAcid_A2 | Y11: Yes | Z11: 1 | AA11: 25 | AB11: 10.72 | AC11: =IF(AND(A11<>A10,T11="Yes"),A11,"") | AE11: =IF(AC11="","",MID(X11,1,(FIND("_",X11))-1)) | AI11: =IF(AC11="","",SUBSTITUTE(IF(MID(I11,1,5)="Yes, ",MID(I11,6,100),I11)," ",",")) | AJ11: =IF(AC11="","",SUBSTITUTE(B11," ",",")) | AN11: =IF(AM11<>"",CONCATENATE(AC11," & ",SUBSTITUTE(AJ11,","," ")," & ",SUBSTITUTE(AF11,"."," ")," & ",AL11," & ",AM11," \\"),"")
A12: AMBZAM | B12: C7 H8 N2 O1 | C12: 0 | D12: 4-aminobenzamide | E12: 4-aminobenzamide | F12: 4-aminobenzamide | G12: AMBZAM11 | H12: Yes | I12: Yes, CSD version 6.01 | J12: \CHEMISTRY_CPOSS\0-EarlySearches\home\louise_price.eminerals\4-aminobenzamide | K12: Anastasia Ntantou | L12: MOLPAK, DMAREL (4.1.1) | M12: Masters Thesis only | N12: pre-2010 | O12: Yes | P12: In \CHEMISTRY_CPOSS\0-EarlySearches\home\louise_price.eminerals\2-aminobenzamide\JIXCIC_overview | Q12: Yes | T12: Yes | U12: Yes | W12: wc 12/01/2026 | X12: 4aminobenzamide_A1 | Y12: Yes | Z12: 1 | AA12: 244 | AB12: 15 | AC12: =IF(AND(A12<>A11,T12="Yes"),A12,"") -> AMBZAM | AD12: 1.SubstitutedBenzamides/4aminobenzamide | AE12: =IF(AC12="","",MID(X12,1,(FIND("_",X12))-1)) -> 4aminobenzamide | AF12: 4-aminobenzamide | AG12: January2026 | AH12: A1 | AI12: =IF(AC12="","",SUBSTITUTE(IF(MID(I12,1,5)="Yes, ",MID(I12,6,100),I12)," ",",")) -> CSD,version,6.01 | AJ12: =IF(AC12="","",SUBSTITUTE(B12," ",",")) -> C7,H8,N2,O1 | AL12: 1 | AM12: 1 | AN12: =IF(AM12<>"",CONCATENATE(AC12," & \ce{",SUBSTITUTE(AJ12,","," "),"} & ",SUBSTITUTE(AF12,"."," ")," & ",AL12," & ",AM12," \\"),"") -> AMBZAM & \ce{C7 H8 N2 O1} & 4-aminobenzamide & 1 & 1 \\
A13: AMOXAP | B13: C17 H16 N3 O1 Cl1 | C13: 0 | D13: Amoxapine | E13: 2-Chloro-11-(1-piperazinyl)-dibenz(b,f)(1,4)oxazepine | G13: AMOXAP | H13: Yes | I13: Yes, CSD version 5.46 with Feb 2025 update | J13: \CHEMISTRY_CPOSS\Olanzapine\Amoxapine\pbe_molpak | K13: Louise Price | L13: MOLPAK, DMACRYS (2.0.4) | M13: No publication planned | N13: 2012 | O13: Yes | Q13: Yes | T13: Yes | U13: Yes | W13: wc 01/12/2025 | X13: Amoxapine_A1 | Y13: Yes | Z13: 1 | AA13: 1512 | AB13: 30 | AC13: =IF(AND(A13<>A12,T13="Yes"),A13,"") -> AMOXAP | AD13: 1.OlanzapineFamily/Amoxapine | AE13: =IF(AC13="","",MID(X13,1,(FIND("_",X13))-1)) -> Amoxapine | AF13: =AE13 -> Amoxapine | AG13: December2025 | AH13: B2,A1 | AI13: =IF(AC13="","",SUBSTITUTE(IF(MID(I13,1,5)="Yes, ",MID(I13,6,100),I13)," ",",")) -> CSD,version,5.46,with,Feb,2025,update | AJ13: =IF(AC13="","",SUBSTITUTE(B13," ",",")) -> C17,H16,N3,O1,Cl1 | AK13: TricyclicCycloheptane | AL13: 2 | AM13: 3 | AN13: =IF(AM13<>"",CONCATENATE(AC13," & \ce{",SUBSTITUTE(AJ13,","," "),"} & ",SUBSTITUTE(AF13,"."," ")," & ",AL13," & ",AM13," \\"),"") -> AMOXAP & \ce{C17 H16 N3 O1 Cl1} & Amoxapine & 2 & 3 \\
A14: AMOXAP | B14: C17 H16 N3 O1 Cl1 | C14: 10 | D14: Amoxapine | E14: 2-Chloro-11-(1-piperazinyl)-dibenz(b,f)(1,4)oxazepine | G14: AMOXAP | H14: Yes | I14: Yes, CSD version 5.46 with Feb 2025 update | J14: \CHEMISTRY_CPOSS\Olanzapine\Amoxapine\Amox-CO | K14: Louise Price | L14: Study_id=20, CrystalOptimizer (2.3), DMACRYS (2.0.8) | M14: No publication planned | N14: 2015 | O14: Yes | Q14: Yes | T14: Yes | U14: Yes | W14: wc 01/12/2025 | X14: Amoxapine_B2 | Y14: Yes | Z14: 1 | AA14: 3634 | AB14: 30 | AC14: =IF(AND(A14<>A13,T14="Yes"),A14,"") | AE14: =IF(AC14="","",MID(X14,1,(FIND("_",X14))-1)) | AI14: =IF(AC14="","",SUBSTITUTE(IF(MID(I14,1,5)="Yes, ",MID(I14,6,100),I14)," ",",")) | AJ14: =IF(AC14="","",SUBSTITUTE(B14," ",",")) | AN14: =IF(AM14<>"",CONCATENATE(AC14," & ",SUBSTITUTE(AJ14,","," ")," & ",SUBSTITUTE(AF14,"."," ")," & ",AL14," & ",AM14," \\"),"")
A15: AMOXAP | B15: C17 H16 N3 O1 Cl1 | C15: 20 | D15: Amoxapine | E15: 2-Chloro-11-(1-piperazinyl)-dibenz(b,f)(1,4)oxazepine | G15: AMOXAP | H15: Yes | I15: Yes, CSD version 5.46 with Feb 2025 update | J15: \CHEMISTRY_CPOSS\Olanzapine\Amoxapine\Amox-CP | K15: Louise Price | L15: Flexible CrystalPredictor (2.1), DMACRYS (2.0.8) | M15: No publication planned | N15: 2015 | O15: Yes | Q15: Yes | T15: Yes | U15: Yes | W15: wc 01/12/2025 | X15: Amoxapine_B1 | Y15: Yes | Z15: 1 | AA15: 6801 | AB15: 30 | AC15: =IF(AND(A15<>A14,T15="Yes"),A15,"") | AE15: =IF(AC15="","",MID(X15,1,(FIND("_",X15))-1)) | AI15: =IF(AC15="","",SUBSTITUTE(IF(MID(I15,1,5)="Yes, ",MID(I15,6,100),I15)," ",",")) | AJ15: =IF(AC15="","",SUBSTITUTE(B15," ",",")) | AN15: =IF(AM15<>"",CONCATENATE(AC15," & ",SUBSTITUTE(AJ15,","," ")," & ",SUBSTITUTE(AF15,"."," ")," & ",AL15," & ",AM15," \\"),"")
A16: ANTCEN | B16: C14 H10 | C16: 0 | D16: Anthracene | E16: Anthracene | G16: ANTCEN; ANTCEN17; ANTCEN18 | H16: Yes | I16: Yes, CSD version 6.01 with Feb 2026 update | J16: \CHEMISTRY_CPOSS\0-EarlySearches\home\louise_price.eminerals\Anthracene | K16: Not sure | L16: MOLPAK, DMAREL (4.1.1) | M16: No publication planned | N16: pre-2010 | O16: Yes | P16: In ANTCEN_overview | Q16: Yes | T16: Yes | U16: Yes | W16: wc 01/06/2026 | X16: Anthracene_A1 | Y16: Yes | Z16: 1 | AA16: 67 | AB16: 5 | AC16: =IF(AND(A16<>A15,T16="Yes"),A16,"") -> ANTCEN | AD16: Anthracene | AE16: =IF(AC16="","",MID(X16,1,(FIND("_",X16))-1)) -> Anthracene | AF16: =AE16 -> Anthracene | AG16: June2026 | AH16: A1 | AI16: =IF(AC16="","",SUBSTITUTE(IF(MID(I16,1,5)="Yes, ",MID(I16,6,100),I16)," ",",")) -> CSD,version,6.01,with,Feb,2026,update | AJ16: =IF(AC16="","",SUBSTITUTE(B16," ",",")) -> C14,H10 | AL16: 1 | AM16: 1 | AN16: =IF(AM16<>"",CONCATENATE(AC16," & \ce{",SUBSTITUTE(AJ16,","," "),"} & ",SUBSTITUTE(AF16,"."," ")," & ",AL16," & ",AM16," \\"),"") -> ANTCEN & \ce{C14 H10} & Anthracene & 1 & 1 \\
A17: AVCZPA | B17: C15 H12 N2 O1 . C6 H6 N2 O1 | C17: 20 | D17: Carbamazepine picolinamide cocrystal | E17: 5-carbamoyl-5H-dibenz[b,f]azepine picolinamide | G17: Not on CSD | H17: Yes | I17: Yes, CSD version 6.01 with Feb 2026 update | J17: \CHEMISTRY_CPOSS\0-EarlySearches\home\louise_price.eminerals\carbamazepine-picolinamide | K17: Matthew Habgood | L17: Flexible CrystalPredictor (1), DMACRYS (1.1.1) | M17: Habgood M, Deij MA, Mazurek J, Price SL, ter Horst JH 2009. Cryst Growth Des 10, 903-912. | N17: 2009 | O17: Yes | P17: In AVCZPA_overview | Q17: Yes | T17: Yes | U17: Yes | W17: wc 04/05/2026 | X17: CarbamazepinePicolinamide_A1 | Y17: Yes | Z17: 0 | AA17: 43 | AB17: 18.11 | AC17: =IF(AND(A17<>A16,T17="Yes"),A17,"") -> AVCZPA | AD17: 1.Cocrystals/CarbamazepinePicolinamide | AE17: =IF(AC17="","",MID(X17,1,(FIND("_",X17))-1)) -> CarbamazepinePicolinamide | AF17: Carbamazepine.Picolinamide.cocrystal | AG17: May2026 | AH17: A1 | AI17: =IF(AC17="","",SUBSTITUTE(IF(MID(I17,1,5)="Yes, ",MID(I17,6,100),I17)," ",",")) -> CSD,version,6.01,with,Feb,2026,update | AJ17: =IF(AC17="","",SUBSTITUTE(B17," ",",")) -> C15,H12,N2,O1,.,C6,H6,N2,O1 | AK17: NotCrystallized | AL17: 1 | AM17: 1 | AN17: =IF(AM17<>"",CONCATENATE(AC17," & \ce{",SUBSTITUTE(AJ17,","," "),"} & ",SUBSTITUTE(AF17,"."," ")," & ",AL17," & ",AM17," \\"),"") -> AVCZPA & \ce{C15 H12 N2 O1 . C6 H6 N2 O1} & Carbamazepine Picolinamide cocrystal & 1 & 1 \\
A18: AXOSOW | B18: C3 H4 O1 | C18: 0 | D18: Propenal | E18: Propenal | F18: Blind Test XII | G18: AXOSOW | H18: Yes | I18: Yes, CSD version 6.01 | J18: \CHEMISTRY_CPOSS\0-EarlySearches\home\louise_price.eminerals\BlindTestXII\fit | K18: Unknown | L18: MOLPAK, DMAREL (4.1.1) | M18: Day GM, 2009. Acta Crystallogr , Sect B 65, 107-125. | N18: 2008 | O18: Yes | P18: In AXOSOW_overview | Q18: Yes | T18: Yes | U18: Yes | W18: wc 16/03/2026 | X18: BTXII_A1 | Y18: Yes | Z18: 1 | AA18: 413 | AB18: 10 | AC18: =IF(AND(A18<>A17,T18="Yes"),A18,"") -> AXOSOW | AD18: 1.BlindTest/XII | AE18: =IF(AC18="","",MID(X18,1,(FIND("_",X18))-1)) -> BTXII | AF18: Propenal.(Blind.Test.XII) | AG18: March2026 | AH18: A1 | AI18: =IF(AC18="","",SUBSTITUTE(IF(MID(I18,1,5)="Yes, ",MID(I18,6,100),I18)," ",",")) -> CSD,version,6.01 | AJ18: =IF(AC18="","",SUBSTITUTE(B18," ",",")) -> C3,H4,O1 | AK18: BlindTest | AL18: 1 | AM18: 2 | AN18: =IF(AM18<>"",CONCATENATE(AC18," & \ce{",SUBSTITUTE(AJ18,","," "),"} & ",SUBSTITUTE(AF18,"."," ")," & ",AL18," & ",AM18," \\"),"") -> AXOSOW & \ce{C3 H4 O1} & Propenal (Blind Test XII) & 1 & 2 \\
A19: AXOSOW | B19: C3 H4 O1 | C19: 1 | D19: Propenal | E19: Propenal | F19: Blind Test XII | G19: AXOSOW | H19: Yes | I19: Yes, CSD version 6.01 | J19: \CHEMISTRY_CPOSS\0-EarlySearches\home\louise_price.eminerals\BlindTestXII\williams | K19: Unknown | L19: MOLPAK, DMAREL (4.3.6) | M19: See Study_ID=0 | N19: 2008 | O19: Yes | P19: See Study_id=0 | Q19: Yes | T19: Yes | U19: Yes | W19: wc 16/03/2026 | X19: BTXII_A2 | Y19: Yes | Z19: 1 | AA19: 330 | AB19: 20 | AC19: =IF(AND(A19<>A18,T19="Yes"),A19,"") | AE19: =IF(AC19="","",MID(X19,1,(FIND("_",X19))-1)) | AI19: =IF(AC19="","",SUBSTITUTE(IF(MID(I19,1,5)="Yes, ",MID(I19,6,100),I19)," ",",")) | AJ19: =IF(AC19="","",SUBSTITUTE(B19," ",",")) | AN19: =IF(AM19<>"",CONCATENATE(AC19," & ",SUBSTITUTE(AJ19,","," ")," & ",SUBSTITUTE(AF19,"."," ")," & ",AL19," & ",AM19," \\"),"")
A20: AXUBUR | B20: C8 H5 F1 | C20: 0 | D20: 2-fluorophenylacetate | E20: 2-fluoroethynylbenzene | F20: 1-ethynyl-2-fluorobenzene | G20: AXUBUR, AXUBUR01, AXUBUR02 | H20: Yes | I20: Yes, CSD version 5.45 with Mar, Jun and Sep 2024 updates | J20: \CHEMISTRY_CPOSS\JoeRidout\2fluoroethynylbenzene | K20: Joe Ridout | L20: MOLPAK, DMACRYS (2.0.8b4) | M20: Ridout J, Price LS, Howard JAK, Probert MR 2014. Cryst Growth Des 14, 3384-3391. | N20: 2013 | O20: Yes | P20: In /CHEMISTRY_CPOSS/JoeRidout/ | Q20: Yes | T20: Yes | U20: Yes | W20: wc 27/01/2025 | X20: 2-fluoroethynylbenzene_A1 | Y20: Yes | Z20: 3 | AA20: 716 | AB20: 24.22 | AC20: =IF(AND(A20<>A19,T20="Yes"),A20,"") -> AXUBUR | AD20: Fluoroethynylbenzene | AE20: =IF(AC20="","",MID(X20,1,(FIND("_",X20))-1)) -> 2-fluoroethynylbenzene | AF20: 2-Fluoro.Ethynyl.Benzene | AG20: January2025 | AH20: A1 | AI20: =IF(AC20="","",SUBSTITUTE(IF(MID(I20,1,5)="Yes, ",MID(I20,6,100),I20)," ",",")) -> CSD,version,5.45,with,Mar,,Jun,and,Sep,2024,updates | AJ20: =IF(AC20="","",SUBSTITUTE(B20," ",",")) -> C8,H5,F1 | AL20: 1 | AM20: 2 | AN20: =IF(AM20<>"",CONCATENATE(AC20," & \ce{",SUBSTITUTE(AJ20,","," "),"} & ",SUBSTITUTE(AF20,"."," ")," & ",AL20," & ",AM20," \\"),"") -> AXUBUR & \ce{C8 H5 F1} & 2-Fluoro Ethynyl Benzene & 1 & 2 \\
A21: AXUBUR | B21: C8 H5 F1 | C21: 1 | D21: 2-fluorophenylacetate | E21: 2-fluoroethynylbenzene | F21: 1-ethynyl-2-fluorobenzene | G21: AXUBUR, AXUBUR01, AXUBUR02 | H21: Yes | I21: Yes, CSD version 5.45 with Mar, Jun and Sep 2024 updates | J21: \CHEMISTRY_CPOSS\JoeRidout\2fluoroethynylbenzene_0.55GPa | K21: Joe Ridout | L21: Study_ID=0, DMACRYS (2.0.8b4) with 0.55 GPa | M21: See Study_ID=0 | N21: 2013 | O21: Yes | P21: In /CHEMISTRY_CPOSS/JoeRidout/ | Q21: Yes | T21: Yes | U21: Yes | W21: wc 27/01/2025 | X21: 2-fluoroethynylbenzene_A2 | Y21: Yes | Z21: 3 | AA21: 514 | AB21: 24.88 | AC21: =IF(AND(A21<>A20,T21="Yes"),A21,"") | AE21: =IF(AC21="","",MID(X21,1,(FIND("_",X21))-1)) | AI21: =IF(AC21="","",SUBSTITUTE(IF(MID(I21,1,5)="Yes, ",MID(I21,6,100),I21)," ",",")) | AJ21: =IF(AC21="","",SUBSTITUTE(B21," ",",")) | AN21: =IF(AM21<>"",CONCATENATE(AC21," & ",SUBSTITUTE(AJ21,","," ")," & ",SUBSTITUTE(AF21,"."," ")," & ",AL21," & ",AM21," \\"),"")
A22: BARBAC | B22: C4 H4 N2 O3 | C22: 0 | D22: Barbituric Acid | E22: pyrimidine-2,4,6-trione | G22: BARBAC01, BARBAC02, BARBAC03 | H22: Yes | I22: Yes, CSD version 6.01 with Feb 2026 update | J22: \CHEMISTRY_CPOSS\0-EarlySearches\home\louise_price.eminerals\barbituric | K22: Tom Lewis | L22: MOLPAK, DMAREL (3.0) | M22: Lewis, T. C., Tocher, D. A., Price, S. L., Crystal Growth and Design, 4(5), 979-987 (2004) # Lewis, T. C., Tocher, D. A., Price, S. L., Cryst. Growth Des., 5(3), 983-993 (2005) | N22: 2005 | O22: Yes | P22: In BARBAC_overview | Q22: Yes | T22: Yes | U22: Yes | W22: wc 04/05/2026 | X22: BarbituricAcid_A1 | Y22: Yes | Z22: 2 | AA22: 84 | AB22: 8.43 | AC22: =IF(AND(A22<>A21,T22="Yes"),A22,"") -> BARBAC | AD22: BarbituricAcid | AE22: =IF(AC22="","",MID(X22,1,(FIND("_",X22))-1)) -> BarbituricAcid | AF22: Barbituric.Acid | AG22: May2026 | AH22: A1 | AI22: =IF(AC22="","",SUBSTITUTE(IF(MID(I22,1,5)="Yes, ",MID(I22,6,100),I22)," ",",")) -> CSD,version,6.01,with,Feb,2026,update | AJ22: =IF(AC22="","",SUBSTITUTE(B22," ",",")) -> C4,H4,N2,O3 | AL22: 1 | AM22: 1 | AN22: =IF(AM22<>"",CONCATENATE(AC22," & \ce{",SUBSTITUTE(AJ22,","," "),"} & ",SUBSTITUTE(AF22,"."," ")," & ",AL22," & ",AM22," \\"),"") -> BARBAC & \ce{C4 H4 N2 O3} & Barbituric Acid & 1 & 1 \\
A23: BAWNIW | B23: C8 N2 Cl4 | C23: 0 | D23: Chlorothalonil | E23: 2,4,5,6-tetrachloro-1,3-dicyanobenzene | F23: tetrachloroisophthalonitrile | G23: BAWNIW, BAWNIW06, BAWNIW02, BAWNIW07 | H23: Yes | I23: Yes, CSD version 5.46 with Feb 2025 update | J23: \CHEMISTRY_CPOSS\0-EarlySearches\home\louise_price.eminerals\chlorothalonil | K23: Helen Tsui | L23: MOLPAK, DMAREL (3.02) | M23: Tremayne M, Grice L, Pyatt JC, Seaton CC, Kariuki BM, Tsui HHY, Price SL, Cherryman JC, J Am Chem Soc, 126(22); 7071-7081 (2004) | N23: 2003 | O23: Yes | P23: Yes | Q23: Yes | T23: Yes | U23: Yes | W23: wc 17/03/2025 | X23: Chlorothalonil_A1 | Y23: Yes | Z23: 3 | AA23: 21 | AB23: 13.43 | AC23: =IF(AND(A23<>A22,T23="Yes"),A23,"") -> BAWNIW | AD23: Chlorothalonil | AE23: =IF(AC23="","",MID(X23,1,(FIND("_",X23))-1)) -> Chlorothalonil | AF23: =AE23 -> Chlorothalonil | AG23: March2025 | AH23: A1 | AI23: =IF(AC23="","",SUBSTITUTE(IF(MID(I23,1,5)="Yes, ",MID(I23,6,100),I23)," ",",")) -> CSD,version,5.46,with,Feb,2025,update | AJ23: =IF(AC23="","",SUBSTITUTE(B23," ",",")) -> C8,N2,Cl4 | AL23: 1 | AM23: 1 | AN23: =IF(AM23<>"",CONCATENATE(AC23," & \ce{",SUBSTITUTE(AJ23,","," "),"} & ",SUBSTITUTE(AF23,"."," ")," & ",AL23," & ",AM23," \\"),"") -> BAWNIW & \ce{C8 N2 Cl4} & Chlorothalonil & 1 & 1 \\
A24: BELBUP | B24: C5 H4 N4 O1 | C24: 0 | D24: Hydroxyazabenzotriazole | E24: 1-Hydroxy-7-Azabenzotriazole | F24: 3H-[1,2,3]triazolo[4,5-b]pyridin-3-ol | G24: BELBUP01, BELBUP02, BELBUP06 | H24: Yes | I24: Yes, CSD version 6.01 with Feb 2026 update | J24: \CHEMISTRY_CPOSS\0-EarlySearches\home\louise_price.eminerals\hydroxyazabenzotriazole | K24: Not sure | L24: MOLPAK, DMAREL (4.1.1) | M24: No publication planned | N24: pre-2010 | O24: Yes | P24: In BELBUP_overview | Q24: Yes | T24: Yes | U24: Yes | W24: wc 01/06/2026 | X24: Hydroxyazabenzotriazole_A1 | Y24: Yes | Z24: 2 | AA24: 48 | AB24: 5 | AC24: =IF(AND(A24<>A23,T24="Yes"),A24,"") -> BELBUP | AD24: Hydroxyazabenzotriazole | AE24: =IF(AC24="","",MID(X24,1,(FIND("_",X24))-1)) -> Hydroxyazabenzotriazole | AF24: =AE24 -> Hydroxyazabenzotriazole | AG24: June2026 | AH24: A1 | AI24: =IF(AC24="","",SUBSTITUTE(IF(MID(I24,1,5)="Yes, ",MID(I24,6,100),I24)," ",",")) -> CSD,version,6.01,with,Feb,2026,update | AJ24: =IF(AC24="","",SUBSTITUTE(B24," ",",")) -> C5,H4,N4,O1 | AL24: 1 | AM24: 1 | AN24: =IF(AM24<>"",CONCATENATE(AC24," & \ce{",SUBSTITUTE(AJ24,","," "),"} & ",SUBSTITUTE(AF24,"."," ")," & ",AL24," & ",AM24," \\"),"") -> BELBUP & \ce{C5 H4 N4 O1} & Hydroxyazabenzotriazole & 1 & 1 \\
A25: BESKAL | B25: C7 H6 O4 | C25: 20 | D25: Gentisic Acid | E25: 2,5-dihydroxybenzoic acid | F25: Gentisic Acid | G25: BESKAL14, BESKAL04 | H25: Yes | I25: Yes, CSD version 6.01 with Feb 2026 update | J25: \CHEMISTRY_CPOSS\0-EarlySearches\home\louise_price.eminerals\gentisic_acid | K25: Doris Braun | L25: Rigid Crystal Predictor (x), DMACRYS (2.0.2) | M25: Braun DE, Karamertzanis PG, Price SL 2011. Chem Commun 47, 5443-5445. | N25: 2010 | O25: Yes | P25: In BESKAL_overview | Q25: Yes | T25: Yes | U25: Yes | W25: wc 30/03/2026 | X25: GentisicAcid_A1 | Y25: Yes | Z25: 2 | AA25: 1064 | AB25: 20 | AC25: =IF(AND(A25<>A24,T25="Yes"),A25,"") -> BESKAL | AD25: GentisicAcid/GentisicAcid | AE25: =IF(AC25="","",MID(X25,1,(FIND("_",X25))-1)) -> GentisicAcid | AF25: Gentisic.Acid | AG25: March2026 | AH25: A1,B1 | AI25: =IF(AC25="","",SUBSTITUTE(IF(MID(I25,1,5)="Yes, ",MID(I25,6,100),I25)," ",",")) -> CSD,version,6.01,with,Feb,2026,update | AJ25: =IF(AC25="","",SUBSTITUTE(B25," ",",")) -> C7,H6,O4 | AL25: 2 | AM25: 2 | AN25: =IF(AM25<>"",CONCATENATE(AC25," & \ce{",SUBSTITUTE(AJ25,","," "),"} & ",SUBSTITUTE(AF25,"."," ")," & ",AL25," & ",AM25," \\"),"") -> BESKAL & \ce{C7 H6 O4} & Gentisic Acid & 2 & 2 \\
A26: BESKAL | B26: C7 H6 O4 | C26: 21 | D26: Gentisic Acid | E26: 2,5-dihydroxybenzoic acid | F26: Gentisic Acid | G26: BESKAL14, BESKAL04 | H26: Yes | I26: Yes, CSD version 6.01 with Feb 2026 update | J26: \CHEMISTRY_CPOSS\0-EarlySearches\home\louise_price.eminerals\gentisic_acidZ2 | K26: Doris Braun | L26: Rigid Crystal Predictor (x), DMACRYS (2.0.2) | M26: Braun DE, Karamertzanis PG, Price SL 2011. Chem Commun 47, 5443-5445. | N26: 2010 | O26: Yes | P26: See Study_ID=20 | Q26: Yes | T26: Yes | U26: Yes | W26: wc 30/03/2026 | X26: GentisicAcid_B1 | Y26: Yes | Z26: 2 | AA26: 6233 | AB26: 33.84 | AC26: =IF(AND(A26<>A25,T26="Yes"),A26,"") | AE26: =IF(AC26="","",MID(X26,1,(FIND("_",X26))-1)) | AI26: =IF(AC26="","",SUBSTITUTE(IF(MID(I26,1,5)="Yes, ",MID(I26,6,100),I26)," ",",")) | AJ26: =IF(AC26="","",SUBSTITUTE(B26," ",",")) | AN26: =IF(AM26<>"",CONCATENATE(AC26," & ",SUBSTITUTE(AJ26,","," ")," & ",SUBSTITUTE(AF26,"."," ")," & ",AL26," & ",AM26," \\"),"")
A27: BICVIS | B27: C6 H8 O4 | C27: 10 | D27: DD,LL-lactide | E27: rac-3,6-dimethyl-1,4-dioxane-2,5-dione | G27: BICVIS, NAHNOZ01, TOFTIV, BEYDEO01 | H27: Yes | I27: Yes, CSD version 5.46 with Feb 2025 update | J27: \CHEMISTRY_CPOSS\Lactides\CrystalOptimizer | K27: Rebecca Hylton | L27: Study_ID=20, CrystalOptimizer (2.3), DMACRYS (2.0.8) | M27: Buchholz HK, Hylton RK, Brandenburg JG, Seidel-Morgenstern A, Lorenz H, Stein M, Price SL, Cryst Growth Des 2017, 17 (9), 4676-4686 | N27: 2014 | O27: Yes | P27: In BICVIS_overview | Q27: Yes | T27: Yes | U27: Yes | W27: wc 31/03/2025 | X27: Lactide_A2 | Y27: Yes | Z27: 2 | AA27: 1201 | AB27: 24.072 | AC27: =IF(AND(A27<>A26,T27="Yes"),A27,"") -> BICVIS | AD27: Lactide | AE27: =IF(AC27="","",MID(X27,1,(FIND("_",X27))-1)) -> Lactide | AF27: =AE27 -> Lactide | AG27: March2025 | AH27: A2 | AI27: =IF(AC27="","",SUBSTITUTE(IF(MID(I27,1,5)="Yes, ",MID(I27,6,100),I27)," ",",")) -> CSD,version,5.46,with,Feb,2025,update | AJ27: =IF(AC27="","",SUBSTITUTE(B27," ",",")) -> C6,H8,O4 | AL27: 1 | AM27: 4 | AN27: =IF(AM27<>"",CONCATENATE(AC27," & \ce{",SUBSTITUTE(AJ27,","," "),"} & ",SUBSTITUTE(AF27,"."," ")," & ",AL27," & ",AM27," \\"),"") -> BICVIS & \ce{C6 H8 O4} & Lactide & 1 & 4 \\
A28: BICVIS | B28: C6 H8 O4 | C28: 20 | D28: DD,LL-lactide | E28: rac-3,6-dimethyl-1,4-dioxane-2,5-dione | G28: BICVIS, NAHNOZ01, TOFTIV, BEYDEO01 | H28: Yes | I28: Yes, CSD version 5.46 with Feb 2025 update | J28: \CHEMISTRY_CPOSS\Lactides\racemic-CrystalPredictor | K28: Rebecca Hylton | L28: Rigid Crystal Predictor (x), DMACRYS (2.0.8) | M28: See Study_ID=10 | N28: 2014 | O28: Yes | P28: See Study_ID=10 | Q28: Yes | T28: Yes | U28: Yes | W28: wc 31/03/2025 | X28: Lactide_A1 | Y28: Yes | Z28: 2 | AA28: 2170 | AB28: 20 | AC28: =IF(AND(A28<>A27,T28="Yes"),A28,"") | AE28: =IF(AC28="","",MID(X28,1,(FIND("_",X28))-1)) | AI28: =IF(AC28="","",SUBSTITUTE(IF(MID(I28,1,5)="Yes, ",MID(I28,6,100),I28)," ",",")) | AJ28: =IF(AC28="","",SUBSTITUTE(B28," ",",")) | AN28: =IF(AM28<>"",CONCATENATE(AC28," & ",SUBSTITUTE(AJ28,","," ")," & ",SUBSTITUTE(AF28,"."," ")," & ",AL28," & ",AM28," \\"),"")
A29: BICVIS | B29: C6 H8 O4 | C29: 30 | D29: DD,LL-lactide | E29: rac-3,6-dimethyl-1,4-dioxane-2,5-dione | G29: BICVIS, NAHNOZ01, TOFTIV, BEYDEO01 | H29: Yes | I29: Yes, CSD version 5.46 with Feb 2025 update | J29: \CHEMISTRY_CPOSS\Lactides\PCM_cuto15 | K29: Rebecca Hylton | L29: Study_ID=10, DMACRYS (2.0.8) | M29: See Study_ID=10 | N29: 2014 | O29: Yes | P29: See Study_ID=10 | Q29: Yes | T29: Yes | U29: Yes | W29: wc 31/03/2025 | X29: Lactide_A3 | Y29: Yes | Z29: 2 | AA29: 1239 | AB29: 26.807 | AC29: =IF(AND(A29<>A28,T29="Yes"),A29,"") | AE29: =IF(AC29="","",MID(X29,1,(FIND("_",X29))-1)) | AI29: =IF(AC29="","",SUBSTITUTE(IF(MID(I29,1,5)="Yes, ",MID(I29,6,100),I29)," ",",")) | AJ29: =IF(AC29="","",SUBSTITUTE(B29," ",",")) | AN29: =IF(AM29<>"",CONCATENATE(AC29," & ",SUBSTITUTE(AJ29,","," ")," & ",SUBSTITUTE(AF29,"."," ")," & ",AL29," & ",AM29," \\"),"")
A30: BICVIS | B30: C6 H8 O4 | C30: 31 | D30: DD,LL-lactide | E30: rac-3,6-dimethyl-1,4-dioxane-2,5-dione | G30: BICVIS, NAHNOZ01, TOFTIV, BEYDEO01 | H30: Yes | I30: Yes, CSD version 5.46 with Feb 2025 update | J30: \CHEMISTRY_CPOSS\Lactides\PCM_cuto30 | K30: Rebecca Hylton | L30: Study_ID=10, DMACRYS (2.0.8) | M30: See Study_ID=10 | N30: 2014 | O30: Yes | P30: See Study_ID=10 | Q30: Yes | T30: Yes | U30: Yes | W30: wc 31/03/2025 | X30: Lactide_A4 | Y30: Yes | Z30: 2 | AA30: 1239 | AB30: 26.807 | AC30: =IF(AND(A30<>A29,T30="Yes"),A30,"") | AE30: =IF(AC30="","",MID(X30,1,(FIND("_",X30))-1)) | AI30: =IF(AC30="","",SUBSTITUTE(IF(MID(I30,1,5)="Yes, ",MID(I30,6,100),I30)," ",",")) | AJ30: =IF(AC30="","",SUBSTITUTE(B30," ",",")) | AN30: =IF(AM30<>"",CONCATENATE(AC30," & ",SUBSTITUTE(AJ30,","," ")," & ",SUBSTITUTE(AF30,"."," ")," & ",AL30," & ",AM30," \\"),"")
A31: BIFHOP | B31: C20 H14 N1 O3 Cl2 F1 | C31: 0 | D31: GSK Compund C | E31: 6-[(5-Chloro-2-([(4-chloro-2-fluorophenyl)methyl]oxy)phenyl)methyl]-2-pyridinecarboxylic acid | G31: BIFHOP | H31: Yes | I31: Yes, CSD version 5.46 with Feb 2025 update | J31: \CHEMISTRY_CPOSS\GSK269984B\BIFHOP | K31: Salima Ismail / Louise Price | L31: MOLPAK, DMACRYS (2.0.4) | M31: See Study_ID=30 | N31: 2013 | O31: Yes | P31: See Study_ID=30 | Q31: Yes | T31: Yes | U31: Yes | W31: wc 17/03/2025 | X31: GSK269984B_A1 | Y31: Yes | Z31: 1 | AA31: 5662 | AB31: 68.66 | AC31: =IF(AND(A31<>A30,T31="Yes"),A31,"") -> BIFHOP | AD31: GSK269984B | AE31: =IF(AC31="","",MID(X31,1,(FIND("_",X31))-1)) -> GSK269984B | AF31: =AE31 -> GSK269984B | AG31: March2025 | AH31: C2 | AI31: =IF(AC31="","",SUBSTITUTE(IF(MID(I31,1,5)="Yes, ",MID(I31,6,100),I31)," ",",")) -> CSD,version,5.46,with,Feb,2025,update | AJ31: =IF(AC31="","",SUBSTITUTE(B31," ",",")) -> C20,H14,N1,O3,Cl2,F1 | AL31: 4 | AM31: 5 | AN31: =IF(AM31<>"",CONCATENATE(AC31," & \ce{",SUBSTITUTE(AJ31,","," "),"} & ",SUBSTITUTE(AF31,"."," ")," & ",AL31," & ",AM31," \\"),"") -> BIFHOP & \ce{C20 H14 N1 O3 Cl2 F1} & GSK269984B & 4 & 5 \\
A32: BIFHOP | B32: C20 H14 N1 O3 Cl2 F1 | C32: 1 | D32: GSK Compund C | E32: 6-[(5-Chloro-2-([(4-chloro-2-fluorophenyl)methyl]oxy)phenyl)methyl]-2-pyridinecarboxylic acid | G32: BIFHOP | H32: Yes | I32: Yes, CSD version 5.46 with Feb 2025 update | J32: \CHEMISTRY_CPOSS\GSK269984B\BIFHOP_Exp | K32: Salima Ismail / Louise Price | L32: MOLPAK, DMACRYS (2.0.4) | M32: See Study_ID=30 | N32: 2013 | O32: Yes | P32: See Study_ID=30 | Q32: Yes | T32: Yes | U32: Yes | W32: wc 17/03/2025 | X32: GSK269984B_B1 | Y32: Yes | Z32: 1 | AA32: 11 | AB32: 14.83 | AC32: =IF(AND(A32<>A31,T32="Yes"),A32,"") | AE32: =IF(AC32="","",MID(X32,1,(FIND("_",X32))-1)) | AI32: =IF(AC32="","",SUBSTITUTE(IF(MID(I32,1,5)="Yes, ",MID(I32,6,100),I32)," ",",")) | AJ32: =IF(AC32="","",SUBSTITUTE(B32," ",",")) | AN32: =IF(AM32<>"",CONCATENATE(AC32," & ",SUBSTITUTE(AJ32,","," ")," & ",SUBSTITUTE(AF32,"."," ")," & ",AL32," & ",AM32," \\"),"")
A33: BIFHOP | B33: C20 H14 N1 O3 Cl2 F1 | C33: 10 | D33: GSK Compund C | E33: 6-[(5-Chloro-2-([(4-chloro-2-fluorophenyl)methyl]oxy)phenyl)methyl]-2-pyridinecarboxylic acid | G33: BIFHOP | H33: Yes | I33: Yes, CSD version 5.46 with Feb 2025 update | J33: \CHEMISTRY_CPOSS\GSK269984B\CrystalOptimizer | K33: Salima Ismail / Louise Price | L33: Flexible CrystalPredictor (1.x), CrystalOptimizer (x), DMACRYS (2.0.4) | M33: See Study_ID=30 | N33: 2013 | O33: Yes | P33: See Study_ID=30 | Q33: Yes | T33: Yes | U33: Yes | W33: wc 17/03/2025 | X33: GSK269984B_C1 | Y33: Yes | Z33: 1 | AA33: 528 | AB33: 90.274 | AC33: =IF(AND(A33<>A32,T33="Yes"),A33,"") | AE33: =IF(AC33="","",MID(X33,1,(FIND("_",X33))-1)) | AI33: =IF(AC33="","",SUBSTITUTE(IF(MID(I33,1,5)="Yes, ",MID(I33,6,100),I33)," ",",")) | AJ33: =IF(AC33="","",SUBSTITUTE(B33," ",",")) | AN33: =IF(AM33<>"",CONCATENATE(AC33," & ",SUBSTITUTE(AJ33,","," ")," & ",SUBSTITUTE(AF33,"."," ")," & ",AL33," & ",AM33," \\"),"")
A34: BIFHOP | B34: C20 H14 N1 O3 Cl2 F1 | C34: 30 | D34: GSK Compund C | E34: 6-[(5-Chloro-2-([(4-chloro-2-fluorophenyl)methyl]oxy)phenyl)methyl]-2-pyridinecarboxylic acid | G34: BIFHOP | H34: Yes | I34: Yes, CSD version 5.46 with Feb 2025 update | J34: \CHEMISTRY_CPOSS\GSK269984B\BIFHOP_PCM | K34: Salima Ismail / Louise Price | L34: Study_ID=10, DMACRYS (2.0.4) | M34: Ismail SZ, Anderton CL, Copley RCB, Price LS, Price SL 2013. Cryst Growth Des 13, 2396-2406. | N34: 2013 | O34: Yes | P34: In BIFHOP_overview | Q34: Yes | T34: Yes | U34: Yes | W34: wc 17/03/2025 | X34: GSK269984B_C2 | Y34: Yes | Z34: 1 | AA34: 520 | AB34: 76.482 | AC34: =IF(AND(A34<>A33,T34="Yes"),A34,"") | AE34: =IF(AC34="","",MID(X34,1,(FIND("_",X34))-1)) | AI34: =IF(AC34="","",SUBSTITUTE(IF(MID(I34,1,5)="Yes, ",MID(I34,6,100),I34)," ",",")) | AJ34: =IF(AC34="","",SUBSTITUTE(B34," ",",")) | AN34: =IF(AM34<>"",CONCATENATE(AC34," & ",SUBSTITUTE(AJ34,","," ")," & ",SUBSTITUTE(AF34,"."," ")," & ",AL34," & ",AM34," \\"),"")
A35: BIFHOP | B35: C20 H14 N1 O3 Cl2 F1 | C35: 60 | D35: GSK Compund C | E35: 6-[(5-Chloro-2-([(4-chloro-2-fluorophenyl)methyl]oxy)phenyl)methyl]-2-pyridinecarboxylic acid | G35: BIFHOP | H35: Yes | I35: Yes, CSD version 5.46 with Feb 2025 update | J35: \CHEMISTRY_CPOSS\LucasSearches\GSK_moleculeC | K35: Luca Iuzzolino | L35: Flexible CrystalPredictor (1.8), DFTB, DMACRYS (2.2.0.1) | M35: Iuzzolino L, McCabe P, Price SL, Brandenburg JG, Faraday Discussions 2018, 211, 275-296. | N35: 2018 | O35: Yes | P35: See Study_ID=30 | Q35: Yes | T35: Yes | U35: Yes | W35: wc 24/03/2025 | X35: GSK269984B_D1 | Y35: Yes | Z35: 1 | AA35: 485 | AB35: 20 | AC35: =IF(AND(A35<>A34,T35="Yes"),A35,"") | AE35: =IF(AC35="","",MID(X35,1,(FIND("_",X35))-1)) | AI35: =IF(AC35="","",SUBSTITUTE(IF(MID(I35,1,5)="Yes, ",MID(I35,6,100),I35)," ",",")) | AJ35: =IF(AC35="","",SUBSTITUTE(B35," ",",")) | AN35: =IF(AM35<>"",CONCATENATE(AC35," & ",SUBSTITUTE(AJ35,","," ")," & ",SUBSTITUTE(AF35,"."," ")," & ",AL35," & ",AM35," \\"),"")
A36: BIGSUF | B36: C7 H6 N1 O1 F1 | C36: 0 | D36: 2-fluorobenzamide | E36: 2-fluorobenzamide | F36: 2-fluorobenzamide | G36: BIGSUF01 | H36: Yes | I36: Yes, CSD version 6.01 | J36: \CHEMISTRY_CPOSS\0-EarlySearches\home\louise_price.eminerals\2-fluorobenzamide\opt | K36: Anastasia Ntantou | L36: MOLPAK, DMAREL (4.1.1) | M36: Masters Thesis only | N36: pre-2010 | O36: Yes | P36: In S, \CHEMISTRY_CPOSS\2-chlorobenzamide_CPCO\CLBZAM_overview | Q36: Yes | T36: Yes | U36: Yes | W36: wc 12/01/2026 | X36: 2fluorobenzamide_A1 | Y36: Yes | Z36: 1 | AA36: 418 | AC36: =IF(AND(A36<>A35,T36="Yes"),A36,"") -> BIGSUF | AD36: 1.SubstitutedBenzamides/2fluorobenzamide | AE36: =IF(AC36="","",MID(X36,1,(FIND("_",X36))-1)) -> 2fluorobenzamide | AF36: 2-fluorobenzamide | AG36: December2025 | AH36: A1,B1 | AI36: =IF(AC36="","",SUBSTITUTE(IF(MID(I36,1,5)="Yes, ",MID(I36,6,100),I36)," ",",")) -> CSD,version,6.01 | AJ36: =IF(AC36="","",SUBSTITUTE(B36," ",",")) -> C7,H6,N1,O1,F1 | AL36: 2 | AM36: 2 | AN36: =IF(AM36<>"",CONCATENATE(AC36," & \ce{",SUBSTITUTE(AJ36,","," "),"} & ",SUBSTITUTE(AF36,"."," ")," & ",AL36," & ",AM36," \\"),"") -> BIGSUF & \ce{C7 H6 N1 O1 F1} & 2-fluorobenzamide & 2 & 2 \\
A37: BIGSUF | B37: C7 H6 N1 O1 F1 | C37: 1 | D37: 2-fluorobenzamide | E37: 2-fluorobenzamide | F37: 2-fluorobenzamide | G37: BIGSUF01 | H37: Yes | I37: Yes, CSD version 6.01 | J37: \CHEMISTRY_CPOSS\0-EarlySearches\home\louise_price.eminerals\2-fluorobenzamide\con_opt | K37: Anastasia Ntantou | L37: MOLPAK, DMAREL (4.1.1) | M37: Masters Thesis only | N37: pre-2010 | O37: Yes | P37: In S, \CHEMISTRY_CPOSS\2-chlorobenzamide_CPCO\CLBZAM_overview | Q37: Yes | T37: Yes | U37: Yes | W37: wc 12/01/2026 | X37: 2fluorobenzamide_B1 | Y37: Yes | Z37: 1 | AA37: 159 | AC37: =IF(AND(A37<>A36,T37="Yes"),A37,"") | AE37: =IF(AC37="","",MID(X37,1,(FIND("_",X37))-1)) | AI37: =IF(AC37="","",SUBSTITUTE(IF(MID(I37,1,5)="Yes, ",MID(I37,6,100),I37)," ",",")) | AJ37: =IF(AC37="","",SUBSTITUTE(B37," ",",")) | AN37: =IF(AM37<>"",CONCATENATE(AC37," & ",SUBSTITUTE(AJ37,","," ")," & ",SUBSTITUTE(AF37,"."," ")," & ",AL37," & ",AM37," \\"),"")
A38: BIPYRL | B38: C10 H8 N2 | C38: 10 | D38: 2,2'-Bipyridyl | E38: 2,2'-Bipyridyl | F38: 2,2'-Bipyridyl | G38: BIPYRL04 | H38: Yes | I38: Yes, CSD version 6.01 with Feb 2026 update | J38: \CHEMISTRY_CPOSS\0-EarlySearches\home\louise_price.eminerals\bipyridine_fit | K38: Nizar Issa / Panos Karamertzanis | L38: Study_ID=11, DMAREL (4.3.6) | M38: See Study_ID=12 | N38: 2009 | O38: Yes | P38: See Study_ID=13 | Q38: Yes | T38: Yes | U38: Yes | W38: wc 06/04/2026 | X38: Bipyridine_A3 | Y38: Yes | Z38: 1 | AA38: 151 | AB38: 8.012 | AC38: =IF(AND(A38<>A37,T38="Yes"),A38,"") -> BIPYRL | AD38: Bipyridine | AE38: =IF(AC38="","",MID(X38,1,(FIND("_",X38))-1)) -> Bipyridine | AF38: =AE38 -> Bipyridine | AG38: April2026 | AH38: A2,B2 | AI38: =IF(AC38="","",SUBSTITUTE(IF(MID(I38,1,5)="Yes, ",MID(I38,6,100),I38)," ",",")) -> CSD,version,6.01,with,Feb,2026,update | AJ38: =IF(AC38="","",SUBSTITUTE(B38," ",",")) -> C10,H8,N2 | AL38: 2 | AM38: 5 | AN38: =IF(AM38<>"",CONCATENATE(AC38," & \ce{",SUBSTITUTE(AJ38,","," "),"} & ",SUBSTITUTE(AF38,"."," ")," & ",AL38," & ",AM38," \\"),"") -> BIPYRL & \ce{C10 H8 N2} & Bipyridine & 2 & 5 \\
A39: BIPYRL | B39: C10 H8 N2 | C39: 11 | D39: 2,2'-Bipyridyl | E39: 2,2'-Bipyridyl | F39: 2,2'-Bipyridyl | G39: BIPYRL04 | H39: Yes | I39: Yes, CSD version 6.01 with Feb 2026 update | J39: \CHEMISTRY_CPOSS\0-EarlySearches\home\louise_price.eminerals\bipyridyl_will_singlepoint | K39: Nizar Issa / Panos Karamertzanis | L39: Flexible CrystalPredictor (1), DMAflex-Q, DMAflex (single iteration), DMACRYS (1.0.1) | M39: See Study_ID=12 | N39: 2009 | O39: Yes | P39: See Study_ID=13 | Q39: Yes | T39: Yes | U39: Yes | W39: wc 06/04/2026 | X39: Bipyridine_A1 | Y39: Yes | Z39: 1 | AA39: 495 | AB39: 12.524 | AC39: =IF(AND(A39<>A38,T39="Yes"),A39,"") | AE39: =IF(AC39="","",MID(X39,1,(FIND("_",X39))-1)) | AI39: =IF(AC39="","",SUBSTITUTE(IF(MID(I39,1,5)="Yes, ",MID(I39,6,100),I39)," ",",")) | AJ39: =IF(AC39="","",SUBSTITUTE(B39," ",",")) | AN39: =IF(AM39<>"",CONCATENATE(AC39," & ",SUBSTITUTE(AJ39,","," ")," & ",SUBSTITUTE(AF39,"."," ")," & ",AL39," & ",AM39," \\"),"")
A40: BIPYRL | B40: C10 H8 N2 | C40: 12 | D40: 2,2'-Bipyridyl | E40: 2,2'-Bipyridyl | F40: 2,2'-Bipyridyl | G40: BIPYRL04 | H40: Yes | I40: Yes, CSD version 6.01 with Feb 2026 update | J40: \CHEMISTRY_CPOSS\0-EarlySearches\home\louise_price.eminerals\bipyridyl_will_full | K40: Nizar Issa / Panos Karamertzanis | L40: Study_ID=11, DMAflex, DMACRYS (1.0.1 and 1.1.0) | M40: Karamertzanis PG, Kazantsev AV, Issa N, Welch GWA, Adjiman CS, Pantelides CC, Price SL 2009. J Chem Theory Comput 5, 1432-1448. | N40: 2009 | O40: Yes | P40: See Study_ID=13 | Q40: Yes | T40: Yes | U40: Yes | W40: wc 06/04/2026 | X40: Bipyridine_A2 | Y40: Yes | Z40: 1 | AA40: 20 | AB40: 3.216 | AC40: =IF(AND(A40<>A39,T40="Yes"),A40,"") | AE40: =IF(AC40="","",MID(X40,1,(FIND("_",X40))-1)) | AI40: =IF(AC40="","",SUBSTITUTE(IF(MID(I40,1,5)="Yes, ",MID(I40,6,100),I40)," ",",")) | AJ40: =IF(AC40="","",SUBSTITUTE(B40," ",",")) | AN40: =IF(AM40<>"",CONCATENATE(AC40," & ",SUBSTITUTE(AJ40,","," ")," & ",SUBSTITUTE(AF40,"."," ")," & ",AL40," & ",AM40," \\"),"")
A41: BIPYRL | B41: C10 H8 N2 | C41: 13 | D41: 2,2'-Bipyridyl | E41: 2,2'-Bipyridyl | F41: 2,2'-Bipyridyl | G41: BIPYRL04 | H41: Yes | I41: Yes, CSD version 6.01 with Feb 2026 update | J41: \CHEMISTRY_CPOSS\SuccinicAcidCocrystals\Bipyridine_CO | K41: Nizar Issa / Panos Karamertzanis | L41: Study_ID=20, CrystalOptimizer, DMACRYS (2.0.2) | M41: Issa N, Barnett SA, Mohamed S, Braun DE, Copley RCB, Tocher DA, Price SL 2012. CrystEngComm 14, 2454-2464. | N41: 2012 | O41: Yes | P41: In BIPYRL_overview | Q41: Yes | T41: Yes | U41: Yes | W41: wc 06/04/2026 | X41: Bipyridine_B2 | Y41: Yes | Z41: 1 | AA41: 8 | AB41: 3.395 | AC41: =IF(AND(A41<>A40,T41="Yes"),A41,"") | AE41: =IF(AC41="","",MID(X41,1,(FIND("_",X41))-1)) | AI41: =IF(AC41="","",SUBSTITUTE(IF(MID(I41,1,5)="Yes, ",MID(I41,6,100),I41)," ",",")) | AJ41: =IF(AC41="","",SUBSTITUTE(B41," ",",")) | AN41: =IF(AM41<>"",CONCATENATE(AC41," & ",SUBSTITUTE(AJ41,","," ")," & ",SUBSTITUTE(AF41,"."," ")," & ",AL41," & ",AM41," \\"),"")
A42: BIPYRL | B42: C10 H8 N2 | C42: 20 | D42: 2,2'-Bipyridyl | E42: 2,2'-Bipyridyl | F42: 2,2'-Bipyridyl | G42: BIPYRL04 | H42: Yes | I42: Yes, CSD version 6.01 with Feb 2026 update | J42: \CHEMISTRY_CPOSS\SuccinicAcidCocrystals\Bipyridine | K42: Nizar Issa / Panos Karamertzanis | L42: Rigid CrystalPredictor (1), DMACRYS (2.0.2) | M42: See Study_ID=13 | N42: 2012 | O42: Yes | P42: See Study_ID=13 | Q42: Yes | T42: Yes | U42: Yes | W42: wc 06/04/2026 | X42: Bipyridine_B1 | Y42: Yes | Z42: 1 | AA42: 366 | AB42: 21.85 | AC42: =IF(AND(A42<>A41,T42="Yes"),A42,"") | AE42: =IF(AC42="","",MID(X42,1,(FIND("_",X42))-1)) | AI42: =IF(AC42="","",SUBSTITUTE(IF(MID(I42,1,5)="Yes, ",MID(I42,6,100),I42)," ",",")) | AJ42: =IF(AC42="","",SUBSTITUTE(B42," ",",")) | AN42: =IF(AM42<>"",CONCATENATE(AC42," & ",SUBSTITUTE(AJ42,","," ")," & ",SUBSTITUTE(AF42,"."," ")," & ",AL42," & ",AM42," \\"),"")
A43: BISMEV | B43: C6 H10 N2 O2 | C43: 0 | D43: Piracetam | E43: 2-Oxo-1-pyrrolidinylacetamide | G43: BISMEV05; BISMEV; BISMEV02; BISMEV04 | H43: Yes | I43: Yes, CSD version 5.45 with Mar, Jun and Sep 2024 update | J43: \CHEMISTRY_CPOSS\0-EarlySearches\home\louise_price.eminerals\piracetam | K43: Harriott Nowell | L43: MOLPAK, DMAREL (4.1.1) | M43: Nowell H, Price SL, Acta Cryst B, 61, 558-568 (2005) | N43: 2005 | O43: Yes | P43: Yes | Q43: Yes | T43: Yes | U43: Yes | W43: wc 02/12/2024 | X43: Piracetam_A1 | Y43: Yes | Z43: 4 | AA43: 61 | AB43: 10 | AC43: =IF(AND(A43<>A42,T43="Yes"),A43,"") -> BISMEV | AD43: Piracetam | AE43: =IF(AC43="","",MID(X43,1,(FIND("_",X43))-1)) -> Piracetam | AF43: =AE43 -> Piracetam | AG43: December2024 | AH43: A1 | AI43: =IF(AC43="","",SUBSTITUTE(IF(MID(I43,1,5)="Yes, ",MID(I43,6,100),I43)," ",",")) -> CSD,version,5.45,with,Mar,,Jun,and,Sep,2024,update | AJ43: =IF(AC43="","",SUBSTITUTE(B43," ",",")) -> C6,H10,N2,O2 | AL43: 1 | AM43: 1 | AN43: =IF(AM43<>"",CONCATENATE(AC43," & \ce{",SUBSTITUTE(AJ43,","," "),"} & ",SUBSTITUTE(AF43,"."," ")," & ",AL43," & ",AM43," \\"),"") -> BISMEV & \ce{C6 H10 N2 O2} & Piracetam & 1 & 1 \\
A44: BOLLIY | B44: C6 H8 N2 O2 | C44: 0 | D44: 5-Ethyluracil | E44: 5-Ethyluracil | F44: 5-Ethyluracil | G44: BOLLIY | H44: Yes | I44: Yes, CSD version 6.01 | J44: \CHEMISTRY_CPOSS\0-EarlySearches\home\louise_price.eminerals\5-ethyluracil | K44: Nizar Issa | L44: MOLPAK, DMAREL (4.1.1) | M44: Barnett SA, Hulme AT, Issa N, Lewis TC, Price LS, Tocher DA, Price SL 2008. New J Chem 32 1761-1775. | N44: 2005-7 | O44: Yes | P44: In CHEMISTRY_CPOSS\0-EarlySearches\home\louise_price.eminerals\uracil\URACIL_overview | Q44: Yes | R44: Yes | S44: Weijia Zhu | T44: Yes | U44: Yes | W44: wc 12/01/2026 | X44: 5ethyluracil_A1 | Y44: Yes | Z44: 1 | AA44: 456 | AB44: 55.31 | AC44: =IF(AND(A44<>A43,T44="Yes"),A44,"") -> BOLLIY | AD44: 1.Uracils/5ethyluracil | AE44: =IF(AC44="","",MID(X44,1,(FIND("_",X44))-1)) -> 5ethyluracil | AF44: 5-Ethyluracil | AG44: January2026 | AH44: A1,lines | AI44: =IF(AC44="","",SUBSTITUTE(IF(MID(I44,1,5)="Yes, ",MID(I44,6,100),I44)," ",",")) -> CSD,version,6.01 | AJ44: =IF(AC44="","",SUBSTITUTE(B44," ",",")) -> C6,H8,N2,O2 | AL44: 1 | AM44: 1 | AN44: =IF(AM44<>"",CONCATENATE(AC44," & \ce{",SUBSTITUTE(AJ44,","," "),"} & ",SUBSTITUTE(AF44,"."," ")," & ",AL44," & ",AM44," \\"),"") -> BOLLIY & \ce{C6 H8 N2 O2} & 5-Ethyluracil & 1 & 1 \\
A45: BOLLOE | B45: C5 H3 N3 O2 | C45: 0 | D45: 5-cyanouracil | E45: 5-cyanouracil | F45: 5-cyanouracil | G45: BOLLOE | H45: Yes | I45: Yes, CSD version 6.01 | J45: \CHEMISTRY_CPOSS\0-EarlySearches\home\louise_price.eminerals\5-cyanouracil | K45: Nizar Issa | L45: MOLPAK, DMAREL (4.1.1) | M45: Barnett SA, Hulme AT, Issa N, Lewis TC, Price LS, Tocher DA, Price SL 2008. New J Chem 32 1761-1775. | N45: 2005-7 | O45: Yes | P45: In CHEMISTRY_CPOSS\0-EarlySearches\home\louise_price.eminerals\uracil\URACIL_overview | Q45: Yes | T45: Yes | U45: Yes | W45: wc 12/01/2026 | X45: 5cyanouracil_A1 | Y45: Yes | Z45: 1 | AA45: 168 | AB45: 10 | AC45: =IF(AND(A45<>A44,T45="Yes"),A45,"") -> BOLLOE | AD45: 1.Uracils/5cyanouracil | AE45: =IF(AC45="","",MID(X45,1,(FIND("_",X45))-1)) -> 5cyanouracil | AF45: 5-Cyanouracil | AG45: January2026 | AH45: A1 | AI45: =IF(AC45="","",SUBSTITUTE(IF(MID(I45,1,5)="Yes, ",MID(I45,6,100),I45)," ",",")) -> CSD,version,6.01 | AJ45: =IF(AC45="","",SUBSTITUTE(B45," ",",")) -> C5,H3,N3,O2, | AL45: 1 | AM45: 1 | AN45: =IF(AM45<>"",CONCATENATE(AC45," & \ce{",SUBSTITUTE(AJ45,","," "),"} & ",SUBSTITUTE(AF45,"."," ")," & ",AL45," & ",AM45," \\"),"") -> BOLLOE & \ce{C5 H3 N3 O2 } & 5-Cyanouracil & 1 & 1 \\
A46: BOQQUT | B46: C8 H11 N1 O2 | C46: 0 | D46: 3-azabicyclo[3.3.1]nonane-2,4-dione | E46: 3-azabicyclo[3.3.1]nonane-2,4-dione | F46: Blind Test IV | G46: BOQQUT | H46: Yes | I46: Yes, CSD version 6.01 with Feb 2026 update | J46: \CHEMISTRY_CPOSS\0-EarlySearches\home\louise_price.eminerals\3-azabicyclononanedione\BOQQUTpolarisation | K46: Ashley Hulme | L46: MOLPAK, DMAREL (4.11) | M46: See Study_ID=1 | N46: pre-2010 | O46: Yes | P46: See Study_ID=1 | Q46: Yes | T46: Yes | U46: Yes | W46: wc 30/03/2026 | X46: Azabicyclononanedione_B1 | Y46: Yes | Z46: 2 | AA46: 111 | AB46: 9.83 | AC46: =IF(AND(A46<>A45,T46="Yes"),A46,"") -> BOQQUT | AD46: 1.BlindTest/IV | AE46: =IF(AC46="","",MID(X46,1,(FIND("_",X46))-1)) -> Azabicyclononanedione | AF46: Azabicyclononanedione.(Blind.Test.IV) | AG46: March2026 | AH46: A1 | AI46: =IF(AC46="","",SUBSTITUTE(IF(MID(I46,1,5)="Yes, ",MID(I46,6,100),I46)," ",",")) -> CSD,version,6.01,with,Feb,2026,update | AJ46: =IF(AC46="","",SUBSTITUTE(B46," ",",")) -> C8,H11,N1,O2 | AK46: BlindTest | AL46: 2 | AM46: 2 | AN46: =IF(AM46<>"",CONCATENATE(AC46," & \ce{",SUBSTITUTE(AJ46,","," "),"} & ",SUBSTITUTE(AF46,"."," ")," & ",AL46," & ",AM46," \\"),"") -> BOQQUT & \ce{C8 H11 N1 O2} & Azabicyclononanedione (Blind Test IV) & 2 & 2 \\
A47: BOQQUT | B47: C8 H11 N1 O2 | C47: 1 | D47: 3-azabicyclo[3.3.1]nonane-2,4-dione | E47: 3-azabicyclo[3.3.1]nonane-2,4-dione | F47: Blind Test IV | G47: BOQQUT | H47: Yes | I47: Yes, CSD version 6.01 with Feb 2026 update | J47: \CHEMISTRY_CPOSS\0-EarlySearches\home\louise_price.eminerals\3-azabicyclononanedione\BOQQUTMP2 | K47: Ashley Hulme | L47: MOLPAK, DMAREL (4.11) | M47: Hulme, A. T.; Johnston, A.; Florence, A. J.; Fernandes, P.; Shankland, K.; Bedford, C. T.; Welch, G. W. A.; Sadiq, G.; Haynes, D. A.; Motherwell, W. D. S.; Tocher, D. A.; Price, S. L. J.Am.Chem.Soc. 2007, 129(12), 3649-3657. | N47: pre-2010 | O47: Yes | P47: In BOQQUT_overview | Q47: Yes | T47: Yes | U47: Yes | W47: wc 30/03/2026 | X47: Azabicyclononanedione_A1 | Y47: Yes | Z47: 2 | AA47: 196 | AB47: 15 | AC47: =IF(AND(A47<>A46,T47="Yes"),A47,"") | AE47: =IF(AC47="","",MID(X47,1,(FIND("_",X47))-1)) | AI47: =IF(AC47="","",SUBSTITUTE(IF(MID(I47,1,5)="Yes, ",MID(I47,6,100),I47)," ",",")) | AJ47: =IF(AC47="","",SUBSTITUTE(B47," ",",")) | AN47: =IF(AM47<>"",CONCATENATE(AC47," & ",SUBSTITUTE(AJ47,","," ")," & ",SUBSTITUTE(AF47,"."," ")," & ",AL47," & ",AM47," \\"),"")
A48: BOWWAL | B48: C16 H13 N1 O1 | C48: 0 | D48: N-acetyl-iminostilbene | E48: N-acetyl-iminostilbene | G48: BOWWAL | H48: Yes | I48: Yes, CSD version 6.01 with Feb 2026 update | J48: \CHEMISTRY_CPOSS\0-EarlySearches\home\louise_price.eminerals\N-Acetyldibenz-b,f-azepine | K48: Not sure | L48: MOLPAK, DMAREL (4.1.1) | M48: No publication planned | N48: pre-2010 | O48: Yes | P48: In BOWWAL_overview | Q48: Yes | T48: Yes | U48: Yes | W48: wc 01/06/2026 | X48: NAcetyldibenzazepine_A1 | Y48: Yes | Z48: 1 | AA48: 46 | AB48: 5 | AC48: =IF(AND(A48<>A47,T48="Yes"),A48,"") -> BOWWAL | AD48: NAcetylDibenzazepine | AE48: =IF(AC48="","",MID(X48,1,(FIND("_",X48))-1)) -> NAcetyldibenzazepine | AF48: N-Acetyldibenzazepine | AG48: June2026 | AH48: A1 | AI48: =IF(AC48="","",SUBSTITUTE(IF(MID(I48,1,5)="Yes, ",MID(I48,6,100),I48)," ",",")) -> CSD,version,6.01,with,Feb,2026,update | AJ48: =IF(AC48="","",SUBSTITUTE(B48," ",",")) -> C16,H13,N1,O1 | AK48: TricyclicCycloheptane | AL48: 1 | AM48: 1 | AN48: =IF(AM48<>"",CONCATENATE(AC48," & \ce{",SUBSTITUTE(AJ48,","," "),"} & ",SUBSTITUTE(AF48,"."," ")," & ",AL48," & ",AM48," \\"),"") -> BOWWAL & \ce{C16 H13 N1 O1} & N-Acetyldibenzazepine & 1 & 1 \\
A49: BRBZAO | B49: C7 H6 N1 O1 Br1 | C49: 0 | D49: 2-bromobenzamide | E49: 2-bromobenzamide | F49: o-bromobenzamide | G49: BRBZAO | H49: Yes | I49: Yes, CSD version 6.01 | J49: \CHEMISTRY_CPOSS\0-EarlySearches\home\louise_price.eminerals\2-bromobenzamide | K49: Anastasia Ntantou | L49: MOLPAK, DMAREL (4.1.1) | M49: Masters Thesis only | N49: pre-2010 | O49: Yes | P49: In S, \CHEMISTRY_CPOSS\2-chlorobenzamide_CPCO\CLBZAM_overview | Q49: Yes | T49: Yes | U49: Yes | W49: wc 12/01/2026 | X49: 2bromobenzamide_A1 | Y49: Yes | Z49: 1 | AA49: 427 | AB49: 15 | AC49: =IF(AND(A49<>A48,T49="Yes"),A49,"") -> BRBZAO | AD49: 1.SubstitutedBenzamides/2bromobenzamide | AE49: =IF(AC49="","",MID(X49,1,(FIND("_",X49))-1)) -> 2bromobenzamide | AF49: 2-bromobenzamide | AG49: December2025 | AH49: A1 | AI49: =IF(AC49="","",SUBSTITUTE(IF(MID(I49,1,5)="Yes, ",MID(I49,6,100),I49)," ",",")) -> CSD,version,6.01 | AJ49: =IF(AC49="","",SUBSTITUTE(B49," ",",")) -> C7,H6,N1,O1,Br1 | AL49: 1 | AM49: 1 | AN49: =IF(AM49<>"",CONCATENATE(AC49," & \ce{",SUBSTITUTE(AJ49,","," "),"} & ",SUBSTITUTE(AF49,"."," ")," & ",AL49," & ",AM49," \\"),"") -> BRBZAO & \ce{C7 H6 N1 O1 Br1} & 2-bromobenzamide & 1 & 1 \\
A50: BZPHAN | B50: C18 H12 | C50: 0 | D50: Benzophenanthrene | E50: Benzo(c)phenanthrene | G50: BZPHAN | H50: Yes | I50: Yes, CSD version 6.01 with Feb 2026 update | J50: \CHEMISTRY_CPOSS\0-EarlySearches\home\louise_price.eminerals\BZPHAN_fit | K50: Emiliana D'Oria | L50: MOLPAK, DMAREL (4.1.1) | M50: See Study_ID=1 | N50: pre-2010 | O50: Yes | P50: See Study_ID=1 | Q50: Yes | T50: Yes | U50: Yes | W50: wc 27/04/2026 | X50: Benzophenanthrene_B1 | Y50: Yes | Z50: 1 | AA50: 1009 | AB50: 26.98 | AC50: =IF(AND(A50<>A49,T50="Yes"),A50,"") -> BZPHAN | AD50: Benzophenanthrene | AE50: =IF(AC50="","",MID(X50,1,(FIND("_",X50))-1)) -> Benzophenanthrene | AF50: =AE50 -> Benzophenanthrene | AG50: April2026 | AH50: A1 | AI50: =IF(AC50="","",SUBSTITUTE(IF(MID(I50,1,5)="Yes, ",MID(I50,6,100),I50)," ",",")) -> CSD,version,6.01,with,Feb,2026,update | AJ50: =IF(AC50="","",SUBSTITUTE(B50," ",",")) -> C18,H12 | AL50: 3 | AM50: 1 | AN50: =IF(AM50<>"",CONCATENATE(AC50," & \ce{",SUBSTITUTE(AJ50,","," "),"} & ",SUBSTITUTE(AF50,"."," ")," & ",AL50," & ",AM50," \\"),"") -> BZPHAN & \ce{C18 H12} & Benzophenanthrene & 3 & 1 \\
A51: BZPHAN | B51: C18 H12 | C51: 1 | D51: Benzophenanthrene | E51: Benzo(c)phenanthrene | G51: BZPHAN | H51: Yes | I51: Yes, CSD version 6.01 with Feb 2026 update | J51: \CHEMISTRY_CPOSS\0-EarlySearches\home\louise_price.eminerals\BZPHAN_will01 | K51: Emiliana D'Oria | L51: MOLPAK, DMACRYS (1.0.1) | M51: D'Oria E, Karamertzanis PG, Price SL 2010. Cryst Growth Des 10, 1749-1756. | N51: pre-2010 | O51: Yes | P51: In BZPHAN_overview | Q51: Yes | T51: Yes | U51: Yes | W51: wc 27/04/2026 | X51: Benzophenanthrene_A1 | Y51: Yes | Z51: 1 | AA51: 362 | AB51: 17.95 | AC51: =IF(AND(A51<>A50,T51="Yes"),A51,"") | AE51: =IF(AC51="","",MID(X51,1,(FIND("_",X51))-1)) | AI51: =IF(AC51="","",SUBSTITUTE(IF(MID(I51,1,5)="Yes, ",MID(I51,6,100),I51)," ",",")) | AJ51: =IF(AC51="","",SUBSTITUTE(B51," ",",")) | AN51: =IF(AM51<>"",CONCATENATE(AC51," & ",SUBSTITUTE(AJ51,","," ")," & ",SUBSTITUTE(AF51,"."," ")," & ",AL51," & ",AM51," \\"),"")
A52: BZPHAN | B52: C18 H12 | C52: 10 | D52: Benzophenanthrene | E52: Benzo(c)phenanthrene | G52: BZPHAN | H52: Yes | I52: Yes, CSD version 6.01 with Feb 2026 update | J52: \CHEMISTRY_CPOSS\0-EarlySearches\home\louise_price.eminerals\BZPHAN_dmaflex | K52: Emiliana D'Oria | L52: MOLPAK, dmaflex (2), DMACRYS (1.1.1) | M52: See Study_ID=1 | N52: pre-2010 | O52: Yes | P52: See Study_ID=1 | Q52: Yes | T52: Yes | U52: Yes | W52: wc 27/04/2026 | X52: Benzophenanthrene_C1 | Y52: Yes | Z52: 1 | AA52: 10 | AB52: 2.26 | AC52: =IF(AND(A52<>A51,T52="Yes"),A52,"") | AE52: =IF(AC52="","",MID(X52,1,(FIND("_",X52))-1)) | AI52: =IF(AC52="","",SUBSTITUTE(IF(MID(I52,1,5)="Yes, ",MID(I52,6,100),I52)," ",",")) | AJ52: =IF(AC52="","",SUBSTITUTE(B52," ",",")) | AN52: =IF(AM52<>"",CONCATENATE(AC52," & ",SUBSTITUTE(AJ52,","," ")," & ",SUBSTITUTE(AF52,"."," ")," & ",AL52," & ",AM52," \\"),"")
A53: BZPHAN | B53: C18 H12 | C53: 2 | D53: Benzophenanthrene | E53: Benzo(c)phenanthrene | G53: BZPHAN | H53: Removed, not stored anywhere | K53: Emiliana D'Oria | M53: D'Oria E, Karamertzanis PG, Price SL 2010. Cryst Growth Des 10, 1749-1756. | N53: 2010 | T53: No | W53: wc 27/04/2026 | AA53: 453 | AB53: 14.87 | AC53: =IF(AND(A53<>A52,T53="Yes"),A53,"") | AE53: =IF(AC53="","",MID(X53,1,(FIND("_",X53))-1)) | AI53: =IF(AC53="","",SUBSTITUTE(IF(MID(I53,1,5)="Yes, ",MID(I53,6,100),I53)," ",",")) | AJ53: =IF(AC53="","",SUBSTITUTE(B53," ",",")) | AN53: =IF(AM53<>"",CONCATENATE(AC53," & ",SUBSTITUTE(AJ53,","," ")," & ",SUBSTITUTE(AF53,"."," ")," & ",AL53," & ",AM53," \\"),"")
A54: BZYACO | B54: C15 H12 O1 | C54: 10 | D54: Chalcone | E54: (2E)-1,3-diphenylprop-2-en-1-one | F54: Benzylidene acetophenone | G54: BZYACO, BZYACO03 | H54: Yes | I54: Yes, CSD version 5.44 with Jun and Sep 2023 updates | J54: \CHEMISTRY_CPOSS\MagnaPharm\Chalcones\CrystalOptimizer | K54: Louise Price | L54: flexible CrystalPredictor (2.2), CrystalOptimizer (2.4.7), DMACRYS (2.3.0) | M54: Price LS, Price SL 2022 Cryst Growth Des 22, 1801-1816 | N54: 2018 | O54: Yes | P54: In BZYACO_overview | Q54: Yes | R54: Done by Louise, based on analysis in paper | S54: 14 structures | T54: Yes | U54: Yes | V54: In separate spreadsheet (but see paper) | W54: wc 12/01/2026 | X54: Chalcone_A1 | Y54: Yes | Z54: 2 | AA54: 4988 | AB54: 20 | AC54: =IF(AND(A54<>A53,T54="Yes"),A54,"") -> BZYACO | AD54: Chalcone | AE54: =IF(AC54="","",MID(X54,1,(FIND("_",X54))-1)) -> Chalcone | AF54: =AE54 -> Chalcone | AG54: January2026 | AH54: A1,lines | AI54: =IF(AC54="","",SUBSTITUTE(IF(MID(I54,1,5)="Yes, ",MID(I54,6,100),I54)," ",",")) -> CSD,version,5.44,with,Jun,and,Sep,2023,updates | AJ54: =IF(AC54="","",SUBSTITUTE(B54," ",",")) -> C15,H12,O1 | AK54: CPOSS209 | AL54: 1 | AM54: 1 | AN54: =IF(AM54<>"",CONCATENATE(AC54," & \ce{",SUBSTITUTE(AJ54,","," "),"} & ",SUBSTITUTE(AF54,"."," ")," & ",AL54," & ",AM54," \\"),"") -> BZYACO & \ce{C15 H12 O1} & Chalcone & 1 & 1 \\
A55: CAGPUV | B55: C6 H3 N1 O2 Cl2 | C55: 0 | D55: 3,4-Dichloronitrobenzene | E55: 1,2-Dichloro-4-nitrobenzene | F55: 1-Nitro-3,4-dichlorobenzene | G55: CAGPUV01 | H55: Yes | I55: Yes, CSD version 5.45 | J55: \CHEMISTRY_CPOSS\0-EarlySearches\home\louise_price.eminerals\3,4-dichloronitrobenzene | K55: Sarah Barnett | L55: MOLPAK, DMAREL (3.0) | M55: Barnett SA, Johnston A, Florence AJ, Price SL, Tocher DA, 2008. Cryst. Growth Des. 8, 24-36. | N55: 2005-2008 | O55: Yes | P55: In /CHEMISTRY_CPOSS/DiChloroNitroBenzene/ | Q55: Yes | T55: Yes | U55: Yes | W55: wc 11/11/2024 | X55: 34-dichloronitrobenzene_A1 | Y55: Yes | Z55: 1 | AA55: 39 | AB55: 5 | AC55: =IF(AND(A55<>A54,T55="Yes"),A55,"") -> CAGPUV | AD55: 1.DiChloroNitroBenzene/34-dichloronitrobenzene | AE55: =IF(AC55="","",MID(X55,1,(FIND("_",X55))-1)) -> 34-dichloronitrobenzene | AF55: 3,4-dichloronitrobenzene | AG55: April2026 | AH55: A1,B3 | AI55: =IF(AC55="","",SUBSTITUTE(IF(MID(I55,1,5)="Yes, ",MID(I55,6,100),I55)," ",",")) -> CSD,version,5.45 | AJ55: =IF(AC55="","",SUBSTITUTE(B55," ",",")) -> C6,H3,N1,O2,Cl2 | AK55: Dichloronitrobenzene | AL55: 2 | AM55: 4 | AN55: =IF(AM55<>"",CONCATENATE(AC55," & \ce{",SUBSTITUTE(AJ55,","," "),"} & ",SUBSTITUTE(AF55,"."," ")," & ",AL55," & ",AM55," \\"),"") -> CAGPUV & \ce{C6 H3 N1 O2 Cl2} & 3,4-dichloronitrobenzene & 2 & 4 \\
A56: CAGPUV | B56: C6 H3 N1 O2 Cl2 | C56: 10 | D56: 3,4-Dichloronitrobenzene | E56: 1,2-Dichloro-4-nitrobenzene | F56: 1-Nitro-3,4-dichlorobenzene | G56: CAGPUV01 | H56: Yes | I56: Yes, CSD version 5.44 with April 2023 update | J56: /CHEMISTRY_CPOSS/DiChloroNitroBenzene/34dcnb/CrystOpt/ | K56: Louise Price | L56: Study_ID=20, CrystalOptimizer (2.4.7.1), DMACRYS (2.3.1.1) | M56: No publication planned | N56: January 2024 | O56: Yes | P56: In /CHEMISTRY_CPOSS/DiChloroNitroBenzene/ | Q56: Yes | T56: Yes | U56: Yes | W56: wc 11/11/2024 | X56: 34-dichloronitrobenzene_B2 | Y56: Yes | Z56: 1 | AA56: 867 | AB56: 20 | AC56: =IF(AND(A56<>A55,T56="Yes"),A56,"") | AE56: =IF(AC56="","",MID(X56,1,(FIND("_",X56))-1)) | AI56: =IF(AC56="","",SUBSTITUTE(IF(MID(I56,1,5)="Yes, ",MID(I56,6,100),I56)," ",",")) | AJ56: =IF(AC56="","",SUBSTITUTE(B56," ",",")) | AN56: =IF(AM56<>"",CONCATENATE(AC56," & ",SUBSTITUTE(AJ56,","," ")," & ",SUBSTITUTE(AF56,"."," ")," & ",AL56," & ",AM56," \\"),"")
A57: CAGPUV | B57: C6 H3 N1 O2 Cl2 | C57: 20 | D57: 3,4-Dichloronitrobenzene | E57: 1,2-Dichloro-4-nitrobenzene | F57: 1-Nitro-3,4-dichlorobenzene | G57: CAGPUV01 | H57: Yes | I57: Yes, CSD version 5.44 with April 2023 update | J57: /CHEMISTRY_CPOSS/DiChloroNitroBenzene/34dcnb/CrystPred/ | K57: Louise Price | L57: Flexible CrystalPredictor (2.4.3), DMACRYS (2.3.1.1) | M57: No publication planned | N57: January 2024 | O57: Yes | P57: In /CHEMISTRY_CPOSS/DiChloroNitroBenzene/ | Q57: Yes | T57: Yes | U57: Yes | W57: wc 11/11/2024 | X57: 34-dichloronitrobenzene_B1 | Y57: Yes | Z57: 1 | AA57: 974 | AB57: 20 | AC57: =IF(AND(A57<>A56,T57="Yes"),A57,"") | AE57: =IF(AC57="","",MID(X57,1,(FIND("_",X57))-1)) | AI57: =IF(AC57="","",SUBSTITUTE(IF(MID(I57,1,5)="Yes, ",MID(I57,6,100),I57)," ",",")) | AJ57: =IF(AC57="","",SUBSTITUTE(B57," ",",")) | AN57: =IF(AM57<>"",CONCATENATE(AC57," & ",SUBSTITUTE(AJ57,","," ")," & ",SUBSTITUTE(AF57,"."," ")," & ",AL57," & ",AM57," \\"),"")
A58: CAGPUV | B58: C6 H3 N1 O2 Cl2 | C58: 30 | D58: 3,4-Dichloronitrobenzene | E58: 1,2-Dichloro-4-nitrobenzene | F58: 1-Nitro-3,4-dichlorobenzene | G58: CAGPUV01 | H58: Yes | I58: Yes, CSD version 5.44 with April 2023 update | J58: /CHEMISTRY_CPOSS/DiChloroNitroBenzene/34dcnb/PCM/ | K58: Louise Price | L58: Study_ID=10, DMACRYS (2.3.1.1) | M58: No publication planned | N58: January 2024 | O58: Yes | P58: In /CHEMISTRY_CPOSS/DiChloroNitroBenzene/ | Q58: Yes | T58: Yes | U58: Yes | W58: wc 11/11/2024 | X58: 34-dichloronitrobenzene_B3 | Y58: Yes | Z58: 1 | AA58: 867 | AB58: 20.997 | AC58: =IF(AND(A58<>A57,T58="Yes"),A58,"") | AE58: =IF(AC58="","",MID(X58,1,(FIND("_",X58))-1)) | AI58: =IF(AC58="","",SUBSTITUTE(IF(MID(I58,1,5)="Yes, ",MID(I58,6,100),I58)," ",",")) | AJ58: =IF(AC58="","",SUBSTITUTE(B58," ",",")) | AN58: =IF(AM58<>"",CONCATENATE(AC58," & ",SUBSTITUTE(AJ58,","," ")," & ",SUBSTITUTE(AF58,"."," ")," & ",AL58," & ",AM58," \\"),"")
A59: CANDUR | B59: C15 H12 N2 O2 | C59: 10 | D59: oxcarbazepine | E59: 10-oxo-10,11-dihydro-5H-dibenzo(b,f)azepine-5-carboxamide | G59: CANDUR01, CANDUR02, CANDUR03 | H59: Yes | I59: Yes, CSD version 5.43 with Mar, Jun, Sep and Nov 2022 updates | J59: \CHEMISTRY_CPOSS\CarbamazepineSeries\Oxcarbazepine_CO | K59: Rui Guo | L59: CrystalPredictor_2.1.01, CrystalOptimizer_2.4.m, DMACRYS_2.2.0.1 | M59: Polyzois, H.; Guo, R.; Srirambhatla, V. K.; Warzecha, M.; Prasad, E.; Turner, A.; Halbert, G. W.; Keating, P.; Price, S. L.; Florence, A. J. Crystal Structure and Twisted Aggregates of Oxcarbazepine Form III. Crystal Growth & Design 2022. 22 (7), 4146-4156. | N59: 2016 | O59: Yes | P59: In CANDUR_overview | Q59: Yes | R59: Done by Rui | S59: 2 experimental (from exp); 4 search | T59: Yes | U59: Yes | W59: wc 08/12/2025 | X59: Oxcarbazepine_A1 | Y59: Yes | Z59: 3 | AA59: 296 | AB59: 15 | AC59: =IF(AND(A59<>A58,T59="Yes"),A59,"") -> CANDUR | AD59: 1.CarbamazepineFamily/Oxcarbazepine | AE59: =IF(AC59="","",MID(X59,1,(FIND("_",X59))-1)) -> Oxcarbazepine | AF59: =AE59 -> Oxcarbazepine | AG59: February2023 | AH59: A1,lines | AI59: =IF(AC59="","",SUBSTITUTE(IF(MID(I59,1,5)="Yes, ",MID(I59,6,100),I59)," ",",")) -> CSD,version,5.43,with,Mar,,Jun,,Sep,and,Nov,2022,updates | AJ59: =IF(AC59="","",SUBSTITUTE(B59," ",",")) -> C15,H12,N2,O2 | AK59: CPOSS209;TricyclicCycloheptane | AL59: 1 | AM59: 2 | AN59: =IF(AM59<>"",CONCATENATE(AC59," & \ce{",SUBSTITUTE(AJ59,","," "),"} & ",SUBSTITUTE(AF59,"."," ")," & ",AL59," & ",AM59," \\"),"") -> CANDUR & \ce{C15 H12 N2 O2} & Oxcarbazepine & 1 & 2 \\
A60: CANDUR | B60: C15 H12 N2 O2 | C60: 30 | D60: oxcarbazepine | E60: 10-oxo-10,11-dihydro-5H-dibenzo(b,f)azepine-5-carboxamide | G60: CANDUR01, CANDUR02, CANDUR03 | H60: Yes | I60: Yes, CSD version 5.43 with Mar, Jun, Sep and Nov 2022 updates | J60: \CHEMISTRY_CPOSS\CarbamazepineSeries\Oxcarbazepine_PCM | K60: Rui Guo | L60: Study_ID=10 + DMACRYS_2.2.0.1 | M60: Polyzois, H.; Guo, R.; Srirambhatla, V. K.; Warzecha, M.; Prasad, E.; Turner, A.; Halbert, G. W.; Keating, P.; Price, S. L.; Florence, A. J. Crystal Structure and Twisted Aggregates of Oxcarbazepine Form III. Crystal Growth & Design 2022. 22 (7), 4146-415 | N60: 2016 | O60: Yes | P60: See Study_ID=10 | Q60: Yes | R60: See Study_ID=10 | S60: See Study_id=10 | T60: Yes | U60: Yes | W60: wc 08/12/2025 | X60: Oxcarbazepine_A2 | Y60: Yes | Z60: 3 | AA60: 296 | AB60: 22.342 | AC60: =IF(AND(A60<>A59,T60="Yes"),A60,"") | AE60: =IF(AC60="","",MID(X60,1,(FIND("_",X60))-1)) | AI60: =IF(AC60="","",SUBSTITUTE(IF(MID(I60,1,5)="Yes, ",MID(I60,6,100),I60)," ",",")) | AJ60: =IF(AC60="","",SUBSTITUTE(B60," ",",")) | AN60: =IF(AM60<>"",CONCATENATE(AC60," & ",SUBSTITUTE(AJ60,","," ")," & ",SUBSTITUTE(AF60,"."," ")," & ",AL60," & ",AM60," \\"),"")
A61: CANNOL | B61: C21 H26 O2 | C61: 10 | D61: Cannabinol | E61: 6,6,9-trimethyl-3-pentyl-6H-dibenzo[b,d]pyran-1-ol | G61: CANNOL01 | H61: Yes | I61: Yes, CSD version 6.01 | J61: CHEMISTRY_CPOSS\BlindTest2020-2022\XXX\CANNOL | K61: Yiming Ding | L61: CrystalPredictor (2.4.3.2), CrystalOptimizer (2.4.7.1), DMACRYS (2.3.1.1) | M61: Hunnisett LM, et al, Acta Cryst B, 2024, 80(6), 517-547 | N61: January 2021 | O61: Yes | P61: In BlindTest2020-2022/XXX | Q61: Yes | T61: Yes | U61: Yes | W61: wc 02/03/2026 | X61: Cannabinol_A1 | Y61: Yes | Z61: 1 | AA61: 108 | AB61: 39.336 | AC61: =IF(AND(A61<>A60,T61="Yes"),A61,"") -> CANNOL | AD61: 1.BlindTest/XXX/Cannabinol | AE61: =IF(AC61="","",MID(X61,1,(FIND("_",X61))-1)) -> Cannabinol | AF61: Cannabinol.(component.of.Blind.Test.XXX) | AG61: February2026 | AH61: A1 | AI61: =IF(AC61="","",SUBSTITUTE(IF(MID(I61,1,5)="Yes, ",MID(I61,6,100),I61)," ",",")) -> CSD,version,6.01 | AJ61: =IF(AC61="","",SUBSTITUTE(B61," ",",")) -> C21,H26,O2 | AK61: BlindTest | AL61: 1 | AM61: 1 | AN61: =IF(AM61<>"",CONCATENATE(AC61," & \ce{",SUBSTITUTE(AJ61,","," "),"} & ",SUBSTITUTE(AF61,"."," ")," & ",AL61," & ",AM61," \\"),"") -> CANNOL & \ce{C21 H26 O2} & Cannabinol (component of Blind Test XXX) & 1 & 1 \\
A62: CAXKOB | B62: C5 H5 N1 O2 | C62: 0 | D62: 3-Deazauracil | E62: 4-hydroxy-2-pyridone | G62: CAXKOB, CAXKOB01, CAXKOB11 | H62: Yes | I62: Yes, CSD version 6.01 with Feb 2026 update | J62: \CHEMISTRY_CPOSS\0-EarlySearches\home\louise_price.eminerals\deazauracil\Taut3-4h2p | K62: Tom Lewis | L62: MOLPAK, DMAREL (4.1.1) | M62: No publication planned | N62: 2005 | O62: Yes | P62: In \CHEMISTRY_CPOSS\0-EarlySearches\home\louise_price.eminerals\deazauracil/CAXKOB_overview | Q62: Yes | T62: Yes | U62: Yes | W62: wc 20/04/2026 | X62: Deazauracil_A1 | Y62: Yes | Z62: 1 | AA62: 208 | AB62: 18.19 | AC62: =IF(AND(A62<>A61,T62="Yes"),A62,"") -> CAXKOB | AD62: Deazauracil | AE62: =IF(AC62="","",MID(X62,1,(FIND("_",X62))-1)) -> Deazauracil | AF62: =AE62 -> Deazauracil | AG62: April2026 | AH62: A1,B1,C1 | AI62: =IF(AC62="","",SUBSTITUTE(IF(MID(I62,1,5)="Yes, ",MID(I62,6,100),I62)," ",",")) -> CSD,version,6.01,with,Feb,2026,update | AJ62: =IF(AC62="","",SUBSTITUTE(B62," ",",")) -> C5,H5,N1,O2 | AL62: 3 | AM62: 3 | AN62: =IF(AM62<>"",CONCATENATE(AC62," & \ce{",SUBSTITUTE(AJ62,","," "),"} & ",SUBSTITUTE(AF62,"."," ")," & ",AL62," & ",AM62," \\"),"") -> CAXKOB & \ce{C5 H5 N1 O2} & Deazauracil & 3 & 3 \\
A63: CAXKOB | B63: C5 H5 N1 O2 | C63: 1 | D63: 3-Deazauracil | E63: 2,4-dihydroxypyridine | G63: CAXKOB, CAXKOB01, CAXKOB11 | H63: Yes | I63: Yes, CSD version 6.01 with Feb 2026 update | J63: \CHEMISTRY_CPOSS\0-EarlySearches\home\louise_price.eminerals\deazauracil\Taut2-24hh | K63: Tom Lewis | L63: MOLPAK, DMAREL (4.1.1) | M63: No publication planned | N63: 2005 | O63: Yes | P63: In \CHEMISTRY_CPOSS\0-EarlySearches\home\louise_price.eminerals\deazauracil/CAXKOB_overview | Q63: Yes | T63: Yes | U63: Yes | W63: wc 20/04/2026 | X63: Deazauracil_B1 | Y63: Yes | Z63: 0 | AA63: 19 | AB63: 10 | AC63: =IF(AND(A63<>A62,T63="Yes"),A63,"") | AE63: =IF(AC63="","",MID(X63,1,(FIND("_",X63))-1)) | AI63: =IF(AC63="","",SUBSTITUTE(IF(MID(I63,1,5)="Yes, ",MID(I63,6,100),I63)," ",",")) | AJ63: =IF(AC63="","",SUBSTITUTE(B63," ",",")) | AN63: =IF(AM63<>"",CONCATENATE(AC63," & ",SUBSTITUTE(AJ63,","," ")," & ",SUBSTITUTE(AF63,"."," ")," & ",AL63," & ",AM63," \\"),"")
A64: CAXKOB | B64: C5 H5 N1 O2 | C64: 2 | D64: 3-Deazauracil | E64: 2-hydrozy-4-pyridone | G64: CAXKOB, CAXKOB01, CAXKOB11 | H64: Yes | I64: Yes, CSD version 6.01 with Feb 2026 update | J64: \CHEMISTRY_CPOSS\0-EarlySearches\home\louise_price.eminerals\deazauracil\Taut1-2h4p | K64: Tom Lewis | L64: MOLPAK, DMAREL (4.1.1) | M64: No publication planned | N64: 2005 | O64: Yes | P64: In \CHEMISTRY_CPOSS\0-EarlySearches\home\louise_price.eminerals\deazauracil/CAXKOB_overview | Q64: Yes | T64: Yes | U64: Yes | W64: wc 20/04/2026 | X64: Deazauracil_C1 | Y64: Yes | Z64: 0 | AA64: 59 | AB64: 10 | AC64: =IF(AND(A64<>A63,T64="Yes"),A64,"") | AE64: =IF(AC64="","",MID(X64,1,(FIND("_",X64))-1)) | AI64: =IF(AC64="","",SUBSTITUTE(IF(MID(I64,1,5)="Yes, ",MID(I64,6,100),I64)," ",",")) | AJ64: =IF(AC64="","",SUBSTITUTE(B64," ",",")) | AN64: =IF(AM64<>"",CONCATENATE(AC64," & ",SUBSTITUTE(AJ64,","," ")," & ",SUBSTITUTE(AF64,"."," ")," & ",AL64," & ",AM64," \\"),"")
A65: CBMZPN | B65: C15 H12 N2 O1 | C65: 0 | D65: Carbamazepine | E65: 5-carbamoyl-5H-dibenz[b,f]azepine | F65: 5H-Dibenz[b,f]azepine-5-carboxamide; Carbamazepine; Carbazepine; Epitol; Tegertol; Tegretol; Teril | G65: CBMZPN11; CBMZPN03; CBMZPN10; CBMZPN12; CBMZPB16 | H65: Yes | I65: Yes, CSD version 5.43 with Mar, Jun, Sep and Nov 2022 updates | J65: \CHEMISTRY_CPOSS\0-EarlySearches\home\louise_price.eminerals\carbamazepine | K65: Harriott Nowell | L65: MOLPAK, DMAREL (4.1.1) | M65: Florence, A. J.; Johnston, A.; Price, S. L.; Nowell, H.; Kennedy, A. R.; Shankland, N. J. Pharm. Sci., 95(9), 1918-1930 (2006). | N65: 2005 | O65: Yes | P65: See Study_ID=12 | Q65: Yes | T65: Yes | U65: Yes | W65: wc 04/11/2024 | X65: Carbamazepine_B1 | Y65: Yes | AA65: 30 | AB65: 10 | AC65: =IF(AND(A65<>A64,T65="Yes"),A65,"") -> CBMZPN | AD65: 1.CarbamazepineFamily/Carbamazepine | AE65: =IF(AC65="","",MID(X65,1,(FIND("_",X65))-1)) -> Carbamazepine | AF65: =AE65 -> Carbamazepine | AG65: February2023 | AH65: A1,lines | AI65: =IF(AC65="","",SUBSTITUTE(IF(MID(I65,1,5)="Yes, ",MID(I65,6,100),I65)," ",",")) -> CSD,version,5.43,with,Mar,,Jun,,Sep,and,Nov,2022,updates | AJ65: =IF(AC65="","",SUBSTITUTE(B65," ",",")) -> C15,H12,N2,O1 | AK65: CPOSS209;TricyclicCycloheptane | AL65: 2 | AM65: 4 | AN65: =IF(AM65<>"",CONCATENATE(AC65," & \ce{",SUBSTITUTE(AJ65,","," "),"} & ",SUBSTITUTE(AF65,"."," ")," & ",AL65," & ",AM65," \\"),"") -> CBMZPN & \ce{C15 H12 N2 O1} & Carbamazepine & 2 & 4 \\
A66: CBMZPN | B66: C15 H12 N2 O1 | C66: 10 | D66: Carbamazepine | E66: 5-carbamoyl-5H-dibenz[b,f]azepine | F66: 5H-Dibenz[b,f]azepine-5-carboxamide; Carbamazepine; Carbazepine; Epitol; Tegertol; Tegretol; Teril | G66: CBMZPN11; CBMZPN03; CBMZPN10; CBMZPN12; CBMZPB16 | H66: Yes | I66: Yes, CSD version 5.43 with Mar, Jun, Sep and Nov 2022 updates | J66: \CHEMISTRY_CPOSS\0-EarlySearches\home\louise_price.eminerals\carbamazepine_dmaflex | K66: Panos Karamertzanis | L66: Study_ID=0, dmaflex, DMAREL (4.1.1) | M66: See Study_ID=0 | N66: 2005 | O66: Yes | P66: See Study_ID=12 | Q66: Yes | T66: Yes | U66: Yes | W66: wc 04/11/2024 | X66: Carbamazepine_B2 | Y66: Yes | AA66: 29 | AB66: 10.87 | AC66: =IF(AND(A66<>A65,T66="Yes"),A66,"") | AE66: =IF(AC66="","",MID(X66,1,(FIND("_",X66))-1)) | AI66: =IF(AC66="","",SUBSTITUTE(IF(MID(I66,1,5)="Yes, ",MID(I66,6,100),I66)," ",",")) | AJ66: =IF(AC66="","",SUBSTITUTE(B66," ",",")) | AN66: =IF(AM66<>"",CONCATENATE(AC66," & ",SUBSTITUTE(AJ66,","," ")," & ",SUBSTITUTE(AF66,"."," ")," & ",AL66," & ",AM66," \\"),"")
A67: CBMZPN | B67: C15 H12 N2 O1 | C67: 12 | D67: Carbamazepine | E67: 5-carbamoyl-5H-dibenz[b,f]azepine | F67: 5H-Dibenz[b,f]azepine-5-carboxamide; Carbamazepine; Carbamezapine; Carbazepine; Epitol; Tegertol; Tegretol; Teril | G67: CBMZPN11; CBMZPN03; CBMZPN10; CBMZPN12; CBMZPB16 | H67: Yes | I67: Yes, CSD version 5.43 with Mar, Jun, Sep and Nov 2022 updates | J67: \CHEMISTRY_CPOSS\CarbamazepineSeries\Carbamazepine_CO | K67: Rui Guo | L67: CrystalPredictor (2.1.01), CrystalOptimizer (2.4.m), DMACRYS (2.2.0.1) | M67: Rui is working on it | N67: 2016 | O67: Yes | P67: In CBMZPN_overview | Q67: Yes | S67: Done by Rui | T67: Yes | U67: Yes | W67: wc 04/11/2024 | X67: Carbamazepine_A1 | Y67: Yes | Z67: 5 | AA67: 356 | AB67: 15 | AC67: =IF(AND(A67<>A66,T67="Yes"),A67,"") | AE67: =IF(AC67="","",MID(X67,1,(FIND("_",X67))-1)) | AI67: =IF(AC67="","",SUBSTITUTE(IF(MID(I67,1,5)="Yes, ",MID(I67,6,100),I67)," ",",")) | AJ67: =IF(AC67="","",SUBSTITUTE(B67," ",",")) | AN67: =IF(AM67<>"",CONCATENATE(AC67," & ",SUBSTITUTE(AJ67,","," ")," & ",SUBSTITUTE(AF67,"."," ")," & ",AL67," & ",AM67," \\"),"")
A68: CBMZPN | B68: C15 H12 N2 O1 | C68: 30 | D68: Carbamazepine | E68: 5-carbamoyl-5H-dibenz[b,f]azepine | F68: 5H-Dibenz[b,f]azepine-5-carboxamide; Carbamazepine; Carbamezapine; Carbazepine; Epitol; Tegertol; Tegretol; Teril | G68: CBMZPN11; CBMZPN03; CBMZPN10; CBMZPN12; CBMZPB16 | H68: Yes | I68: Yes, CSD version 5.43 with Mar, Jun, Sep and Nov 2022 updates | J68: \CHEMISTRY_CPOSS\CarbamazepineSeries\Carbamazepine_PCM | K68: Rui Guo | L68: Study_ID=12, DMACRYS (2.2.0.1) | M68: Rui is working on it | N68: 2016 | O68: Yes | P68: See Study_ID=12 | Q68: Yes | S68: See Study_id=12 | T68: Yes | U68: Yes | W68: wc 04/11/2024 | X68: Carbamazepine_A2 | Y68: Yes | Z68: 5 | AA68: 355 | AB68: 20 | AC68: =IF(AND(A68<>A67,T68="Yes"),A68,"") | AE68: =IF(AC68="","",MID(X68,1,(FIND("_",X68))-1)) | AI68: =IF(AC68="","",SUBSTITUTE(IF(MID(I68,1,5)="Yes, ",MID(I68,6,100),I68)," ",",")) | AJ68: =IF(AC68="","",SUBSTITUTE(B68," ",",")) | AN68: =IF(AM68<>"",CONCATENATE(AC68," & ",SUBSTITUTE(AJ68,","," ")," & ",SUBSTITUTE(AF68,"."," ")," & ",AL68," & ",AM68," \\"),"")
A69: CBMZPN | B69: C15 H12 N2O | C69: 11 | D69: Carbemazepine | E69: 5-carbamoyl-5H-dibenz[b,f]azepine | F69: 5H-Dibenz[b,f]azepine-5-carboxamide; Carbamazepine; Carbamezapine; Carbazepine; Epitol; Tegertol; Tegretol; Teril | G69: CBMZPN03; CBMZPN10; CBMZPN01; CBMZPN11; CBMZPB12 | H69: Removed, Not necessary to have this old method | J69: \CHEMISTRY_CPOSS\0-EarlySearches\home\louise_price.eminerals\carbamazepine_dmaflex\GDMA1_points | T69: No | W69: wc 04/11/2024 | X69: Not stored | Y69: No | AA69: 29 | AB69: 10 | AC69: =IF(AND(A69<>A68,T69="Yes"),A69,"") | AE69: =IF(AC69="","",MID(X69,1,(FIND("_",X69))-1)) | AI69: =IF(AC69="","",SUBSTITUTE(IF(MID(I69,1,5)="Yes, ",MID(I69,6,100),I69)," ",",")) | AJ69: =IF(AC69="","",SUBSTITUTE(B69," ",",")) | AN69: =IF(AM69<>"",CONCATENATE(AC69," & ",SUBSTITUTE(AJ69,","," ")," & ",SUBSTITUTE(AF69,"."," ")," & ",AL69," & ",AM69," \\"),"")
A70: CBNCAC | B70: C1 H2 O3 | C70: 0 | D70: Carbonic acid | E70: Carbonic acid | H70: Yes | I70: Yes, CSD version 6.01 with Feb 2026 update | J70: \CHEMISTRY_CPOSS\0-EarlySearches\home\louise_price.eminerals\carbonic_acid | K70: Not sure | L70: MOLPAK, DMAREL (4.1.1) | M70: No publication planned | N70: pre-2010 | O70: Yes | P70: In CBNCAC_overview | Q70: Yes | T70: Yes | U70: Yes | W70: wc 01/06/2026 | X70: CarbonicAcid_A1 | Y70: Yes | Z70: 0 | AA70: 448 | AB70: 47.33 | AC70: =IF(AND(A70<>A69,T70="Yes"),A70,"") -> CBNCAC | AD70: CarbonicAcid | AE70: =IF(AC70="","",MID(X70,1,(FIND("_",X70))-1)) -> CarbonicAcid | AF70: Carbonic.Acid | AG70: June2026 | AH70: A1 | AI70: =IF(AC70="","",SUBSTITUTE(IF(MID(I70,1,5)="Yes, ",MID(I70,6,100),I70)," ",",")) -> CSD,version,6.01,with,Feb,2026,update | AJ70: =IF(AC70="","",SUBSTITUTE(B70," ",",")) -> C1,H2,O3 | AK70: NotCrystallized | AL70: 1 | AM70: 1 | AN70: =IF(AM70<>"",CONCATENATE(AC70," & \ce{",SUBSTITUTE(AJ70,","," "),"} & ",SUBSTITUTE(AF70,"."," ")," & ",AL70," & ",AM70," \\"),"") -> CBNCAC & \ce{C1 H2 O3} & Carbonic Acid & 1 & 1 \\
A71: CEBGOF | B71: C8 H8 O3 | C71: 0 | D71: methyl-p-hydroxybenzoate | E71: 4-hydroxybenzoic acid methyl ester | F71: methyl-4-hydroxybenzoate | G71: CEBGOF01, CEBGOF04, CEBGOF05, CEBGOF06 | H71: Yes | I71: Yes, CSD version 6.01 with Feb 2026 update | J71: \CHEMISTRY_CPOSS\0-EarlySearches\home\louise_price.eminerals\Methyl-p-hydroxybenzoate | K71: Doris Braun | L71: MOLPAK, DMAREL (4.1.1) | M71: No publication planned | N71: 2010 | O71: Yes | P71: See Study_ID=10 | Q71: Yes | T71: Yes | U71: Yes | W71: wc 30/03/2026 | X71: Methyl-p-hydroxybenzoate_A1 | Y71: Yes | Z71: 1 | AA71: 770 | AB71: 25.22 | AC71: =IF(AND(A71<>A70,T71="Yes"),A71,"") -> CEBGOF | AD71: Methyl-p-hydroxybenzoate | AE71: =IF(AC71="","",MID(X71,1,(FIND("_",X71))-1)) -> Methyl-p-hydroxybenzoate | AF71: =AE71 -> Methyl-p-hydroxybenzoate | AG71: April2026 | AH71: A2 | AI71: =IF(AC71="","",SUBSTITUTE(IF(MID(I71,1,5)="Yes, ",MID(I71,6,100),I71)," ",",")) -> CSD,version,6.01,with,Feb,2026,update | AJ71: =IF(AC71="","",SUBSTITUTE(B71," ",",")) -> C8,H8,O3 | AL71: 1 | AM71: 2 | AN71: =IF(AM71<>"",CONCATENATE(AC71," & \ce{",SUBSTITUTE(AJ71,","," "),"} & ",SUBSTITUTE(AF71,"."," ")," & ",AL71," & ",AM71," \\"),"") -> CEBGOF & \ce{C8 H8 O3} & Methyl-p-hydroxybenzoate & 1 & 2 \\
A72: CEBGOF | B72: C8 H8 O3 | C72: 10 | D72: methyl-p-hydroxybenzoate | E72: 4-hydroxybenzoic acid methyl ester | F72: methyl-4-hydroxybenzoate | G72: CEBGOF01, CEBGOF04, CEBGOF05, CEBGOF06 | H72: Yes | I72: Yes, CSD version 6.01 with Feb 2026 update | J72: \CHEMISTRY_CPOSS\0-EarlySearches\home\louise_price.eminerals\Methyl-p-hydroxybenzoate_dmaflex | K72: Doris Braun | L72: Study_ID=0, dmaflex, DMAREL (4.1.1) | M72: No publication planned | N72: 2010 | O72: Yes | P72: In CEBGOF_overview | Q72: Yes | T72: Yes | U72: Yes | W72: wc 30/03/2026 | X72: Methyl-p-hyxdroxybenzoate_A2 | Y72: Yes | Z72: 1 | AA72: 24 | AB72: 6.564 | AC72: =IF(AND(A72<>A71,T72="Yes"),A72,"") | AE72: =IF(AC72="","",MID(X72,1,(FIND("_",X72))-1)) | AI72: =IF(AC72="","",SUBSTITUTE(IF(MID(I72,1,5)="Yes, ",MID(I72,6,100),I72)," ",",")) | AJ72: =IF(AC72="","",SUBSTITUTE(B72," ",",")) | AN72: =IF(AM72<>"",CONCATENATE(AC72," & ",SUBSTITUTE(AJ72,","," ")," & ",SUBSTITUTE(AF72,"."," ")," & ",AL72," & ",AM72," \\"),"")
A73: CEBGOF | B73: C8 H8 O3 | C73: 11 | D73: methyl-p-hydroxybenzoate | E73: 4-hydroxybenzoic acid methyl ester | F73: methyl-4-hydroxybenzoate | G73: CEBGOF01 | H73: Deleted this search. Just with different values for DEintra, using MP2 as method and energy | K73: Doris Braun | N73: 2010 | T73: No | W73: wc 23/03/2026 | AA73: 23 | AB73: 7.098 | AC73: =IF(AND(A73<>A72,T73="Yes"),A73,"") | AE73: =IF(AC73="","",MID(X73,1,(FIND("_",X73))-1)) | AI73: =IF(AC73="","",SUBSTITUTE(IF(MID(I73,1,5)="Yes, ",MID(I73,6,100),I73)," ",",")) | AJ73: =IF(AC73="","",SUBSTITUTE(B73," ",",")) | AN73: =IF(AM73<>"",CONCATENATE(AC73," & ",SUBSTITUTE(AJ73,","," ")," & ",SUBSTITUTE(AF73,"."," ")," & ",AL73," & ",AM73," \\"),"")
A74: CEWVOP | B74: C5 H6 N2 O2 | C74: 0 | D74: 6-methyluracil | E74: 2,4-dihydroxy-6-methylpyrimidine | G74: CEWVOP01, CEWVOP03, CEWVOP06 | H74: Yes | I74: Yes, CSD version 6.01 with Feb 2026 update | J74: \CHEMISTRY_CPOSS\0-EarlySearches\home\louise_price.eminerals\6-methyluracil | K74: Tom Lewis | L74: MOLPAK, DMAREL (3.0) | M74: No publication planned | N74: 2004 | O74: Yes | P74: In CEWVOP_overview | Q74: Yes | T74: Yes | U74: Yes | W74: wc 04/05/2026 | X74: 6methyluracil_A1 | Y74: Yes | Z74: 1 | AA74: 30 | AB74: 7.18 | AC74: =IF(AND(A74<>A73,T74="Yes"),A74,"") -> CEWVOP | AD74: Methyluracil | AE74: =IF(AC74="","",MID(X74,1,(FIND("_",X74))-1)) -> 6methyluracil | AF74: 6-Methyluracil | AG74: May2026 | AH74: A1 | AI74: =IF(AC74="","",SUBSTITUTE(IF(MID(I74,1,5)="Yes, ",MID(I74,6,100),I74)," ",",")) -> CSD,version,6.01,with,Feb,2026,update | AJ74: =IF(AC74="","",SUBSTITUTE(B74," ",",")) -> C5,H6,N2,O2 | AL74: 1 | AM74: 1 | AN74: =IF(AM74<>"",CONCATENATE(AC74," & \ce{",SUBSTITUTE(AJ74,","," "),"} & ",SUBSTITUTE(AF74,"."," ")," & ",AL74," & ",AM74," \\"),"") -> CEWVOP & \ce{C5 H6 N2 O2} & 6-Methyluracil & 1 & 1 \\
A75: CIVTUW | B75: C13 H5 N3 O8 | C75: 0 | E75: 3,8,9-Trinitro-5H-dibenzo(b,d)pyran-5-one | G75: CIVTUW, CIVTUW01 | H75: Yes | I75: Yes, CSD version 6.01 with Feb 2026 update | J75: \CHEMISTRY_CPOSS\0-EarlySearches\home\louise_price.eminerals\Trinitro-5H-dibenzo-bd-pyran-5-one | K75: Not sure | L75: MOLPAK, DMAREL (4.1.1) | M75: No publication planned | N75: pre-2010 | O75: Yes | P75: In CIVTUW_overview | Q75: Yes | T75: Yes | U75: Yes | W75: wc 01/06/2026 | X75: Trinitrodibenzopyranone_A1 | Y75: Yes | Z75: 1 | AA75: 156 | AB75: 23.881 | AC75: =IF(AND(A75<>A74,T75="Yes"),A75,"") -> CIVTUW | AD75: Trinitrodibenzopyranone | AE75: =IF(AC75="","",MID(X75,1,(FIND("_",X75))-1)) -> Trinitrodibenzopyranone | AF75: =AE75 -> Trinitrodibenzopyranone | AG75: June2026 | AH75: A1 | AI75: =IF(AC75="","",SUBSTITUTE(IF(MID(I75,1,5)="Yes, ",MID(I75,6,100),I75)," ",",")) -> CSD,version,6.01,with,Feb,2026,update | AJ75: =IF(AC75="","",SUBSTITUTE(B75," ",",")) -> C13,H5,N3,O8 | AL75: 1 | AM75: 1 | AN75: =IF(AM75<>"",CONCATENATE(AC75," & \ce{",SUBSTITUTE(AJ75,","," "),"} & ",SUBSTITUTE(AF75,"."," ")," & ",AL75," & ",AM75," \\"),"") -> CIVTUW & \ce{C13 H5 N3 O8} & Trinitrodibenzopyranone & 1 & 1 \\
A76: CIWMAW | B76: C4 H4 N6 O4 | C76: 0 | D76: 2,6-diamino-3,5-dinitro pyrazine | E76: 3,5-Dinitro-pyrazine-2,6-diamine | G76: CIWMAW01 | H76: Yes | I76: Yes, CSD version 6.01 with Feb 2026 update | J76: \CHEMISTRY_CPOSS\0-EarlySearches\home\louise_price.eminerals\diamino_dinitro_pyrazine | K76: Binal Patel / Tom Lewis | L76: MOLPAK, DMAREL (3.0) | M76: Price, S. L., Patel, B., Pridhanani-Jethani, P., Torrisi, A., Trans. ACA, 39(2), 1-12 (2004) | N76: 2004 | O76: Yes | P76: In CIWMAW_overview | Q76: Yes | T76: Yes | U76: Yes | W76: wc 04/05/2026 | X76: DiaminoDinitroPyrazine_A1 | Y76: Yes | Z76: 1 | AA76: 49 | AB76: 10 | AC76: =IF(AND(A76<>A75,T76="Yes"),A76,"") -> CIWMAW | AD76: DiaminoDinitroPyrazine | AE76: =IF(AC76="","",MID(X76,1,(FIND("_",X76))-1)) -> DiaminoDinitroPyrazine | AF76: 2,6-Diamino-3,5-Dinitro.Pyrazine | AG76: May2026 | AH76: A1 | AI76: =IF(AC76="","",SUBSTITUTE(IF(MID(I76,1,5)="Yes, ",MID(I76,6,100),I76)," ",",")) -> CSD,version,6.01,with,Feb,2026,update | AJ76: =IF(AC76="","",SUBSTITUTE(B76," ",",")) -> C4,H4,N6,O4 | AL76: 1 | AM76: 1 | AN76: =IF(AM76<>"",CONCATENATE(AC76," & \ce{",SUBSTITUTE(AJ76,","," "),"} & ",SUBSTITUTE(AF76,"."," ")," & ",AL76," & ",AM76," \\"),"") -> CIWMAW & \ce{C4 H4 N6 O4} & 2,6-Diamino-3,5-Dinitro Pyrazine & 1 & 1 \\
A77: CLBZAC | B77: C7 H5 O2 Cl1 | C77: 0 | D77: o-Chlorobenzoic acid | E77: o-Chlorobenzoic acid | F77: 2-Chlorobenzoic acid | G77: CLBZAC03 | H77: Yes | I77: Yes, CSD version 6.01 with Feb 2026 update | J77: \CHEMISTRY_CPOSS\0-EarlySearches\home\louise_price.eminerals\Chlorobenzoicacid | K77: Emiliana D'Oria | L77: MOLPAK, DMAREL (4.1.1) | M77: Polito M, D'Oria E, Maini L, Karamertzanis PG, Grepioni F, Braga D, Price SL, CrystEngComm 2008, 10, 1848-1854. | N77: pre-2010 | O77: Yes | P77: In CLBZAC_overview | Q77: Yes | T77: Yes | U77: Yes | W77: wc 01/06/2026 | X77: ChlorobenzoicAcid_A1 | Y77: Yes | Z77: 1 | AA77: 668 | AB77: 27 | AC77: =IF(AND(A77<>A76,T77="Yes"),A77,"") -> CLBZAC | AD77: ChlorobenzoicAcid | AE77: =IF(AC77="","",MID(X77,1,(FIND("_",X77))-1)) -> ChlorobenzoicAcid | AF77: 2-Chlorobenzoic.Acid | AG77: June2026 | AH77: A1 | AI77: =IF(AC77="","",SUBSTITUTE(IF(MID(I77,1,5)="Yes, ",MID(I77,6,100),I77)," ",",")) -> CSD,version,6.01,with,Feb,2026,update | AJ77: =IF(AC77="","",SUBSTITUTE(B77," ",",")) -> C7,H5,O2,Cl1 | AL77: 1 | AM77: 1 | AN77: =IF(AM77<>"",CONCATENATE(AC77," & \ce{",SUBSTITUTE(AJ77,","," "),"} & ",SUBSTITUTE(AF77,"."," ")," & ",AL77," & ",AM77," \\"),"") -> CLBZAC & \ce{C7 H5 O2 Cl1} & 2-Chlorobenzoic Acid & 1 & 1 \\
A78: CLBZAM | B78: C7 H6 N1 O1 Cl1 | C78: 0 | D78: 2-Chlorobenzamide | E78: 2-Chlorobenzamide | F78: 2-Chlorobenzamide | G78: CLBZAM12, CLBZAM11, CLBZAM13 | H78: Yes | I78: Yes, CSD version 6.01 | J78: \CHEMISTRY_CPOSS\0-EarlySearches\home\louise_price.eminerals\2-chlorobenzamide | K78: Anastasia Ntantou | L78: MOLPAK, DMAREL (4.1.1) | M78: Masters Thesis only | N78: pre-2010 | O78: Yes | P78: In S, \CHEMISTRY_CPOSS\2-chlorobenzamide_CPCO\CLBZAM_overview | Q78: Yes | T78: Yes | U78: Yes | W78: wc 12/01/2026 | X78: 2chlorobenzamide_B1 | Y78: Yes | Z78: 1 | AA78: 634 | AB78: 15 | AC78: =IF(AND(A78<>A77,T78="Yes"),A78,"") -> CLBZAM | AD78: 1.SubstitutedBenzamides/2chlorobenzamide | AE78: =IF(AC78="","",MID(X78,1,(FIND("_",X78))-1)) -> 2chlorobenzamide | AF78: 2-chlorobenzamide | AG78: December2025 | AH78: B1,C1,A1 | AI78: =IF(AC78="","",SUBSTITUTE(IF(MID(I78,1,5)="Yes, ",MID(I78,6,100),I78)," ",",")) -> CSD,version,6.01 | AJ78: =IF(AC78="","",SUBSTITUTE(B78," ",",")) -> C7,H6,N1,O1,Cl1 | AL78: 3 | AM78: 3 | AN78: =IF(AM78<>"",CONCATENATE(AC78," & \ce{",SUBSTITUTE(AJ78,","," "),"} & ",SUBSTITUTE(AF78,"."," ")," & ",AL78," & ",AM78," \\"),"") -> CLBZAM & \ce{C7 H6 N1 O1 Cl1} & 2-chlorobenzamide & 3 & 3 \\
A79: CLBZAM | B79: C7 H6 N1 O1 Cl1 | C79: 2 | D79: 2-Chlorobemzamide | E79: 2-Chlorobenzamide | F79: 2-Chlorobenzamide | G79: CLBZAM12, CLBZAM11, CLBZAM13 | H79: Yes | I79: Yes, CSD version 6.01 | J79: \CHEMISTRY_CPOSS\0-EarlySearches\home\louise_price.eminerals\2-chlorobenzamide_BOB | K79: Bob Lancaster | L79: MOLPAK, DMACRYS (1.1.1) | M79: Not published | N79: pre-2010 | O79: Yes | P79: In S, \CHEMISTRY_CPOSS\2-chlorobenzamide_CPCO\CLBZAM_overview | Q79: Yes | T79: Yes | U79: Yes | W79: wc 12/01/2026 | X79: 2chlorobenzamide_C1 | Y79: Yes | Z79: 1 | AA79: 1055 | AB79: 15.158 | AC79: =IF(AND(A79<>A78,T79="Yes"),A79,"") | AE79: =IF(AC79="","",MID(X79,1,(FIND("_",X79))-1)) | AI79: =IF(AC79="","",SUBSTITUTE(IF(MID(I79,1,5)="Yes, ",MID(I79,6,100),I79)," ",",")) | AJ79: =IF(AC79="","",SUBSTITUTE(B79," ",",")) | AN79: =IF(AM79<>"",CONCATENATE(AC79," & ",SUBSTITUTE(AJ79,","," ")," & ",SUBSTITUTE(AF79,"."," ")," & ",AL79," & ",AM79," \\"),"")
A80: CLBZAM | B80: C7 H6 N1 O1 Cl1 | C80: 10 | D80: 2-Chlorobenzamide | E80: 2-Chlorobenzamide | F80: 2-Chlorobenzamide | G80: CLBZAM12, CLBZAM11, CLBZAM13 | H80: Yes | I80: Yes, CSD version 6.01 | J80: \CHEMISTRY_CPOSS\2-chlorobenzamide_CPCO | K80: Louise Price | L80: Flexible CrystalPredictor (1.x), CrystalOptimizer (x), DMACRYS (2.0.4) | M80: Cockcroft, J. K.; Buanz, A. B. M.; Ntantou, A.; Price, L. S.; Tocher, D. A.; Vickers, M.; Lancaster, R. W., Crystal Growth & Design 2016, 16, (11), 6144-6147 | N80: 2011 | O80: Yes | P80: In S, \CHEMISTRY_CPOSS\2-chlorobenzamide_CPCO\CLBZAM_overview | Q80: Yes | T80: Yes | U80: Yes | W80: wc 12/01/2026 | X80: 2chlorobenzamide_A1 | Y80: Yes | Z80: 2 | AA80: 2042 | AB80: 56.884 | AC80: =IF(AND(A80<>A79,T80="Yes"),A80,"") | AE80: =IF(AC80="","",MID(X80,1,(FIND("_",X80))-1)) | AI80: =IF(AC80="","",SUBSTITUTE(IF(MID(I80,1,5)="Yes, ",MID(I80,6,100),I80)," ",",")) | AJ80: =IF(AC80="","",SUBSTITUTE(B80," ",",")) | AN80: =IF(AM80<>"",CONCATENATE(AC80," & ",SUBSTITUTE(AJ80,","," ")," & ",SUBSTITUTE(AF80,"."," ")," & ",AL80," & ",AM80," \\"),"")
A81: CLFORM | B81: C1 H1 Cl3 | C81: 1 | D81: CHLOROFORM | E81: trichloromethane | G81: CLFORM02, CLFORM03 | H81: Yes | I81: Yes, CSD version 6.01 with Feb 2026 update | J81: \CHEMISTRY_CPOSS\0-EarlySearches\home\louise_price.eminerals\Chloroform_charges | K81: Not sure | L81: MOLPAK, DMACRYS (2.0.1) | M81: No publication planned | N81: pre-2010 | O81: Yes | P81: See Study_ID=1 | Q81: Yes | T81: Yes | U81: Yes | W81: wc 20/04/2026 | X81: Chloroform_A1 | Y81: Yes | Z81: 2 | AA81: 498 | AB81: 12.51 | AC81: =IF(AND(A81<>A80,T81="Yes"),A81,"") -> CLFORM | AD81: Chloroform | AE81: =IF(AC81="","",MID(X81,1,(FIND("_",X81))-1)) -> Chloroform | AF81: =AE81 -> Chloroform | AG81: April2026 | AH81: A1 | AI81: =IF(AC81="","",SUBSTITUTE(IF(MID(I81,1,5)="Yes, ",MID(I81,6,100),I81)," ",",")) -> CSD,version,6.01,with,Feb,2026,update | AJ81: =IF(AC81="","",SUBSTITUTE(B81," ",",")) -> C1,H1,Cl3 | AL81: 2 | AM81: 1 | AN81: =IF(AM81<>"",CONCATENATE(AC81," & \ce{",SUBSTITUTE(AJ81,","," "),"} & ",SUBSTITUTE(AF81,"."," ")," & ",AL81," & ",AM81," \\"),"") -> CLFORM & \ce{C1 H1 Cl3} & Chloroform & 2 & 1 \\
A82: CLFORM | B82: C1 H1 Cl3 | C82: 2 | D82: CHLOROFORM | E82: trichloromethane | G82: CLFORM02, CLFORM03 | H82: Yes | I82: Yes, CSD version 6.01 with Feb 2026 update | J82: \CHEMISTRY_CPOSS\0-EarlySearches\home\louise_price.eminerals\Chloroform_aniso | K82: Not sure | L82: MOLPAK, DMACRYS (2.0.1) | M82: No publication planned | N82: pre-2010 | O82: Yes | P82: In CLFORM_overview | Q82: Yes | T82: Yes | U82: Yes | W82: wc 20/04/2026 | X82: Chloroform_B1 | Y82: Yes | Z82: 2 | AA82: 204 | AB82: 8.61 | AC82: =IF(AND(A82<>A81,T82="Yes"),A82,"") | AE82: =IF(AC82="","",MID(X82,1,(FIND("_",X82))-1)) | AI82: =IF(AC82="","",SUBSTITUTE(IF(MID(I82,1,5)="Yes, ",MID(I82,6,100),I82)," ",",")) | AJ82: =IF(AC82="","",SUBSTITUTE(B82," ",",")) | AN82: =IF(AM82<>"",CONCATENATE(AC82," & ",SUBSTITUTE(AJ82,","," ")," & ",SUBSTITUTE(AF82,"."," ")," & ",AL82," & ",AM82," \\"),"")
A83: CLFORM | B83: C1 H1 Cl3 | C83: 0 | D83: CHLOROFORM | E83: trichloromethane | G83: CLFORM | H83: Removed as lost | T83: No | W83: wc 20/04/2026 | AA83: 381 | AB83: 13.89 | AC83: =IF(AND(A83<>A82,T83="Yes"),A83,"") | AE83: =IF(AC83="","",MID(X83,1,(FIND("_",X83))-1)) | AI83: =IF(AC83="","",SUBSTITUTE(IF(MID(I83,1,5)="Yes, ",MID(I83,6,100),I83)," ",",")) | AJ83: =IF(AC83="","",SUBSTITUTE(B83," ",",")) | AN83: =IF(AM83<>"",CONCATENATE(AC83," & ",SUBSTITUTE(AJ83,","," ")," & ",SUBSTITUTE(AF83,"."," ")," & ",AL83," & ",AM83," \\"),"")
A84: CLNBAM | B84: C7 H4 N1 O4 Cl1 . H2 O1 | C84: 10 | D84: 2-chloro-5-nitrobenzoic acid monohydrate | E84: 2-chloro-5-nitrobenzoic acid monohydrate | H84: Yes | I84: Yes, CSD version 6.01 with Feb 2026 update | J84: \CHEMISTRY_CPOSS\Agris\2chloro_5nitro_benzoicacid_monohydrate | K84: Agris Berzins | L84: CrystalPredictor, CrystalOptimizer, DMACRYS (2.3.0) | M84: Berzins A, Kons A, Sarsuns K, Belyakov S, Actins A, Crystal Growth & Design 2020, 20 (9), 5767-5784 | N84: 2018 | O84: Yes | P84: In \CHEMISTRY_CPOSS\Agris\ | Q84: Yes | T84: Yes | U84: Yes | W84: wc 23/03/2026 | X84: 2C5NBAMH_A1 | Y84: Yes | Z84: 0 | AA84: 1302 | AB84: 33.513 | AC84: =IF(AND(A84<>A83,T84="Yes"),A84,"") -> CLNBAM | AD84: 1.SubstitutedNitroBenzoicAcids/2C5NBAMH | AE84: =IF(AC84="","",MID(X84,1,(FIND("_",X84))-1)) -> 2C5NBAMH | AF84: 2-Chloro-5-Nitrobenzoic.Acid.Monohydrate | AG84: March2026 | AH84: A1 | AI84: =IF(AC84="","",SUBSTITUTE(IF(MID(I84,1,5)="Yes, ",MID(I84,6,100),I84)," ",",")) -> CSD,version,6.01,with,Feb,2026,update | AJ84: =IF(AC84="","",SUBSTITUTE(B84," ",",")) -> C7,H4,N1,O4,Cl1,.,H2,O1 | AK84: NotCrystallized | AL84: 1 | AM84: 1 | AN84: =IF(AM84<>"",CONCATENATE(AC84," & \ce{",SUBSTITUTE(AJ84,","," "),"} & ",SUBSTITUTE(AF84,"."," ")," & ",AL84," & ",AM84," \\"),"") -> CLNBAM & \ce{C7 H4 N1 O4 Cl1 . H2 O1} & 2-Chloro-5-Nitrobenzoic Acid Monohydrate & 1 & 1 \\
A85: CLNBZA | B85: C7 H4 N1 O4 Cl1 | C85: 10 | D85: 2-chloro-5-nitrobenzoic acid | E85: 2-chloro-5-nitrobenzoic acid | G85: CLNBZA | H85: Yes | I85: Yes, CSD version 6.01 with Feb 2026 update | J85: \CHEMISTRY_CPOSS\Agris\2chloro_5nitro_benzoicacid | K85: Agris Berzins | L85: CrystalPredictor, CrystalOptimizer, DMACRYS (2.3.0) | M85: Berzins A, Kons A, Sarsuns K, Belyakov S, Actins A, Crystal Growth & Design 2020, 20 (9), 5767-5784 | N85: 2018 | O85: Yes | P85: In \CHEMISTRY_CPOSS\Agris\ | Q85: Yes | T85: Yes | U85: Yes | W85: wc 23/03/2026 | X85: 2C5NBA_A1 | Y85: Yes | Z85: 1 | AA85: 559 | AB85: 20 | AC85: =IF(AND(A85<>A84,T85="Yes"),A85,"") -> CLNBZA | AD85: 1.SubstitutedNitroBenzoicAcids/2C5NBA | AE85: =IF(AC85="","",MID(X85,1,(FIND("_",X85))-1)) -> 2C5NBA | AF85: 2-Chloro-5-Nitrobenzoic.Acid | AG85: March2026 | AH85: A1 | AI85: =IF(AC85="","",SUBSTITUTE(IF(MID(I85,1,5)="Yes, ",MID(I85,6,100),I85)," ",",")) -> CSD,version,6.01,with,Feb,2026,update | AJ85: =IF(AC85="","",SUBSTITUTE(B85," ",",")) -> C7,H4,N1,O4,Cl1 | AL85: 1 | AM85: 1 | AN85: =IF(AM85<>"",CONCATENATE(AC85," & \ce{",SUBSTITUTE(AJ85,","," "),"} & ",SUBSTITUTE(AF85,"."," ")," & ",AL85," & ",AM85," \\"),"") -> CLNBZA & \ce{C7 H4 N1 O4 Cl1} & 2-Chloro-5-Nitrobenzoic Acid & 1 & 1 \\
A86: CLNBZM | B86: C7 H4 N1 O4 Cl1 . H2 O1 | C86: 10 | D86: 4-chloro-2-nitrobenzoic acid monohydrate | E86: 4-chloro-2-nitrobenzoic acid monohydrate | H86: Yes | I86: Yes, CSD version 6.01 with Feb 2026 update | J86: \CHEMISTRY_CPOSS\Agris\4chloro_2nitro_benzoicacid_monohydrate | K86: Agris Berzins | L86: CrystalPredictor, CrystalOptimizer, DMACRYS (2.3.0) | M86: Berzins A, Kons A, Sarsuns K, Belyakov S, Actins A, Crystal Growth & Design 2020, 20 (9), 5767-5784 | N86: 2018 | O86: Yes | P86: In \CHEMISTRY_CPOSS\Agris\ | Q86: Yes | T86: Yes | U86: Yes | W86: wc 23/03/2026 | X86: 4C2NBAMH_A1 | Y86: Yes | Z86: 0 | AA86: 1320 | AB86: 26.813 | AC86: =IF(AND(A86<>A85,T86="Yes"),A86,"") -> CLNBZM | AD86: 1.SubstitutedNitroBenzoicAcids/4C2NBAMH | AE86: =IF(AC86="","",MID(X86,1,(FIND("_",X86))-1)) -> 4C2NBAMH | AF86: 4-Chloro-2-Nitrobenzoic.Acid.Monohydrate | AG86: March2026 | AH86: A1 | AI86: =IF(AC86="","",SUBSTITUTE(IF(MID(I86,1,5)="Yes, ",MID(I86,6,100),I86)," ",",")) -> CSD,version,6.01,with,Feb,2026,update | AJ86: =IF(AC86="","",SUBSTITUTE(B86," ",",")) -> C7,H4,N1,O4,Cl1,.,H2,O1 | AK86: NotCrystallized | AL86: 1 | AM86: 1 | AN86: =IF(AM86<>"",CONCATENATE(AC86," & \ce{",SUBSTITUTE(AJ86,","," "),"} & ",SUBSTITUTE(AF86,"."," ")," & ",AL86," & ",AM86," \\"),"") -> CLNBZM & \ce{C7 H4 N1 O4 Cl1 . H2 O1} & 4-Chloro-2-Nitrobenzoic Acid Monohydrate & 1 & 1 \\
A87: CLURAC | B87: C4 H3 N2 O2 Cl | C87: 0 | D87: 5-chlorouracil | E87: 5-chloropyrimidine-2,4(1H,3H)-dione | F87: 5-chlorouracil | G87: CLURAC11 | H87: Yes | I87: Yes, CSD version 6.01 | J87: \CHEMISTRY_CPOSS\0-EarlySearches\home\louise_price.eminerals\chlorouracil | K87: Ashley Hulme / Sarah Barnett | L87: MOLPAK, DMAREL (4.1.1) | M87: Barnett SA, Hulme AT, Issa N, Lewis TC, Price LS, Tocher DA, Price SL 2008. New J Chem 32 1761-1775. | N87: 2005-7 | O87: Yes | P87: In CHEMISTRY_CPOSS\0-EarlySearches\home\louise_price.eminerals\uracil\URACIL_overview | Q87: Yes | T87: Yes | U87: Yes | W87: wc 12/01/2026 | X87: 5chlorouracil_A1 | Y87: Yes | Z87: 1 | AA87: 244 | AB87: 15 | AC87: =IF(AND(A87<>A86,T87="Yes"),A87,"") -> CLURAC | AD87: 1.Uracils/5chlorouracil | AE87: =IF(AC87="","",MID(X87,1,(FIND("_",X87))-1)) -> 5chlorouracil | AF87: 5-Chlorouracil | AG87: January2026 | AH87: A1 | AI87: =IF(AC87="","",SUBSTITUTE(IF(MID(I87,1,5)="Yes, ",MID(I87,6,100),I87)," ",",")) -> CSD,version,6.01 | AJ87: =IF(AC87="","",SUBSTITUTE(B87," ",",")) -> C4,H3,N2,O2,Cl | AL87: 1 | AM87: 1 | AN87: =IF(AM87<>"",CONCATENATE(AC87," & \ce{",SUBSTITUTE(AJ87,","," "),"} & ",SUBSTITUTE(AF87,"."," ")," & ",AL87," & ",AM87," \\"),"") -> CLURAC & \ce{C4 H3 N2 O2 Cl} & 5-Chlorouracil & 1 & 1 \\
A88: CORONE | B88: C24 H12 | C88: 0 | D88: Coronene | E88: Coronene | G88: CORONE03, CORONE04 | H88: Yes | I88: Yes, CSD Version 5.45 with Nov 2023 update | J88: \CHEMISTRY_CPOSS\MagnaPharm\Coronene | K88: Rui Guo | L88: MOLPAK, DMACRYS (2.0.8) | M88: Potticary J, Hall CL, Guo R, Price SL, Hall SR, Cryst Growth Des, 2021, 21(11), 6254-6265 | N88: 42887 | O88: Yes | P88: Yes | Q88: Yes | R88: Yes | S88: Louise has done it | T88: Yes | U88: Yes | V88: Yes | W88: wc 10/03/2025 | X88: Coronene_A1 | Y88: Yes | Z88: 2 | AA88: 266 | AB88: 24.19 | AC88: =IF(AND(A88<>A87,T88="Yes"),A88,"") -> CORONE | AD88: Coronene | AE88: =IF(AC88="","",MID(X88,1,(FIND("_",X88))-1)) -> Coronene | AF88: =AE88 -> Coronene | AG88: May2024 | AH88: A1,lines | AI88: =IF(AC88="","",SUBSTITUTE(IF(MID(I88,1,5)="Yes, ",MID(I88,6,100),I88)," ",",")) -> CSD,Version,5.45,with,Nov,2023,update | AJ88: =IF(AC88="","",SUBSTITUTE(B88," ",",")) -> C24,H12 | AK88: CPOSS209 | AL88: 1 | AM88: 1 | AN88: =IF(AM88<>"",CONCATENATE(AC88," & \ce{",SUBSTITUTE(AJ88,","," "),"} & ",SUBSTITUTE(AF88,"."," ")," & ",AL88," & ",AM88," \\"),"") -> CORONE & \ce{C24 H12} & Coronene & 1 & 1 \\
A89: COUMAR | B89: C9 H6 O2 | C89: 0 | D89: Coumarin | E89: Coumarin | G89: COUMAR11, COUMAR20, COUMAR15, COUMAR16, COUMAR18 | H89: Yes | I89: Yes, CSD version 6.01 with Feb 2026 update | J89: \CHEMISTRY_CPOSS\0-EarlySearches\home\louise_price.eminerals\coumarin | K89: Ashley Hulme | L89: MOLPAK, DMAREL (4.1.1) | M89: No publication planned | N89: 2005 | O89: Yes | P89: In COUMAR_overview | Q89: Yes | T89: Yes | U89: Yes | W89: wc 04/05/2026 | X89: Coumarin_A1 | Y89: Yes | Z89: 2 | AA89: 53 | AB89: 5 | AC89: =IF(AND(A89<>A88,T89="Yes"),A89,"") -> COUMAR | AD89: Coumarin | AE89: =IF(AC89="","",MID(X89,1,(FIND("_",X89))-1)) -> Coumarin | AF89: =AE89 -> Coumarin | AG89: May2026 | AH89: A1 | AI89: =IF(AC89="","",SUBSTITUTE(IF(MID(I89,1,5)="Yes, ",MID(I89,6,100),I89)," ",",")) -> CSD,version,6.01,with,Feb,2026,update | AJ89: =IF(AC89="","",SUBSTITUTE(B89," ",",")) -> C9,H6,O2 | AL89: 1 | AM89: 1 | AN89: =IF(AM89<>"",CONCATENATE(AC89," & \ce{",SUBSTITUTE(AJ89,","," "),"} & ",SUBSTITUTE(AF89,"."," ")," & ",AL89," & ",AM89," \\"),"") -> COUMAR & \ce{C9 H6 O2} & Coumarin & 1 & 1 \\
A90: COYRUD | B90: C14 H14 O3 | C90: 0 | D90: Naproxen | E90: (+)-(S)-2-(6-methoxynaphthalen-2-yl)propanoic acid | F90: Naproxen | G90: COYRUD14, PAPTUX | H90: Yes | I90: Yes, CSD Version 5.45 with Nov 2023 update | J90: \CHEMISTRY_CPOSS\Naproxen\naproxen_molpak | K90: Emiliana D'Oria / Doris Braun | L90: MOLPAK, DMAREL (4.1.1) | M90: See Study_ID=10 | N90: 2009-2010 | O90: Yes | P90: See Study_ID=11 | Q90: Yes | T90: Yes | U90: Yes | W90: wc 26/01/2026 | X90: Naproxen_B2 | Y90: Yes | Z90: 2 | AA90: 438 | AB90: 30.77 | AC90: =IF(AND(A90<>A89,T90="Yes"),A90,"") -> COYRUD | AD90: Naproxen | AE90: =IF(AC90="","",MID(X90,1,(FIND("_",X90))-1)) -> Naproxen | AF90: =AE90 -> Naproxen | AG90: January2026 | AH90: A2,B3,lines | AI90: =IF(AC90="","",SUBSTITUTE(IF(MID(I90,1,5)="Yes, ",MID(I90,6,100),I90)," ",",")) -> CSD,Version,5.45,with,Nov,2023,update | AJ90: =IF(AC90="","",SUBSTITUTE(B90," ",",")) -> C14,H14,O3 | AK90: CPOSS209 | AL90: 2 | AM90: 5 | AN90: =IF(AM90<>"",CONCATENATE(AC90," & \ce{",SUBSTITUTE(AJ90,","," "),"} & ",SUBSTITUTE(AF90,"."," ")," & ",AL90," & ",AM90," \\"),"") -> COYRUD & \ce{C14 H14 O3} & Naproxen & 2 & 5 \\
A91: COYRUD | B91: C14 H14 O3 | C91: 10 | D91: Naproxen | E91: (+)-(S)-2-(6-methoxynaphthalen-2-yl)propanoic acid | F91: Naproxen | G91: COYRUD14, PAPTUX | H91: Yes | I91: Yes, CSD Version 5.45 with Nov 2023 update | J91: \CHEMISTRY_CPOSS\Naproxen\naproxen_crystopt | K91: Emiliana D'Oria / Doris Braun | L91: Study_ID=0 and Study_ID=2, CrystalOptimizer (2.0), DMACRYS (2.0.2) | M91: Braun DE, Ardid-Candel M, D'Oria E, Karamertzanis PG, Arlin JB, Florence AJ, Jones AG, Price SL 2011. Cryst Growth Des 11, 5659-5669. | N91: 2009-2010 | O91: Yes | P91: See Study_ID=11 | Q91: Yes | T91: Yes | U91: Yes | W91: wc 26/01/2026 | X91: Naproxen_B3 | Y91: Yes | Z91: 2 | AA91: 58 | AB91: 90.298 | AC91: =IF(AND(A91<>A90,T91="Yes"),A91,"") | AE91: =IF(AC91="","",MID(X91,1,(FIND("_",X91))-1)) | AI91: =IF(AC91="","",SUBSTITUTE(IF(MID(I91,1,5)="Yes, ",MID(I91,6,100),I91)," ",",")) | AJ91: =IF(AC91="","",SUBSTITUTE(B91," ",",")) | AN91: =IF(AM91<>"",CONCATENATE(AC91," & ",SUBSTITUTE(AJ91,","," ")," & ",SUBSTITUTE(AF91,"."," ")," & ",AL91," & ",AM91," \\"),"")
A92: COYRUD | B92: C14 H14 O3 | C92: 11 | D92: Naproxen | E92: S-2-(6-methoxynaphthalen-2-yl)propanoic acid | G92: COYRUD14, PAPTUX | H92: Yes | I92: Yes, CSD Version 5.45 with Nov 2023 update | J92: \CHEMISTRY_CPOSS\Naproxen\CrystPred | K92: Louise Price | L92: Study_ID=20, CrystalOptimizer (2.4.7.1), DMACRYS (2.3.1.1) | M92: Database updating paper | N92: June 2024 | O92: Yes | P92: In COYRUD_overview | Q92: Yes | R92: Yes | S92: Louise has done it | T92: Yes | U92: Yes | W92: wc 26/01/2026 | X92: Naproxen_A2 | Y92: Yes | Z92: 2 | AA92: 857 | AB92: 15 | AC92: =IF(AND(A92<>A91,T92="Yes"),A92,"") | AE92: =IF(AC92="","",MID(X92,1,(FIND("_",X92))-1)) | AI92: =IF(AC92="","",SUBSTITUTE(IF(MID(I92,1,5)="Yes, ",MID(I92,6,100),I92)," ",",")) | AJ92: =IF(AC92="","",SUBSTITUTE(B92," ",",")) | AN92: =IF(AM92<>"",CONCATENATE(AC92," & ",SUBSTITUTE(AJ92,","," ")," & ",SUBSTITUTE(AF92,"."," ")," & ",AL92," & ",AM92," \\"),"")
A93: COYRUD | B93: C14 H14 O3 | C93: 20 | D93: Naproxen | E93: S-2-(6-methoxynaphthalen-2-yl)propanoic acid | G93: COYRUD14, PAPTUX | H93: Yes | I93: Yes, CSD Version 5.45 with Nov 2023 update | J93: \CHEMISTRY_CPOSS\Naproxen\CrystPred | K93: Louise Price | L93: CrystalPredictor (2.4.3), DMACRYS (2.3.1.1) | M93: See Study_ID=11 | N93: June 2024 | O93: Yes | P93: See Study_ID=11 | Q93: Yes | T93: Yes | U93: Yes | W93: wc 26/01/2026 | X93: Naproxen_A1 | Y93: Yes | Z93: 2 | AA93: 3844 | AB93: 20 | AC93: =IF(AND(A93<>A92,T93="Yes"),A93,"") | AE93: =IF(AC93="","",MID(X93,1,(FIND("_",X93))-1)) | AI93: =IF(AC93="","",SUBSTITUTE(IF(MID(I93,1,5)="Yes, ",MID(I93,6,100),I93)," ",",")) | AJ93: =IF(AC93="","",SUBSTITUTE(B93," ",",")) | AN93: =IF(AM93<>"",CONCATENATE(AC93," & ",SUBSTITUTE(AJ93,","," ")," & ",SUBSTITUTE(AF93,"."," ")," & ",AL93," & ",AM93," \\"),"")
A94: COYRUD | B94: C14 H14 O3 | C94: 21 | D94: Naproxen | E94: (+)-(S)-2-(6-methoxynaphthalen-2-yl)propanoic acid | F94: Naproxen | G94: COYRUD14, PAPTUX | H94: Yes | I94: Yes, CSD Version 5.45 with Nov 2023 update | J94: \CHEMISTRY_CPOSS\Naproxen\naproxen_crystpred | K94: Emiliana D'Oria / Doris Braun | L94: Rigid CrystalPredictor (run at IC by Panos), DMACRYS (2.0.2a) | M94: See Study_ID=10 | N94: 2009-2010 | O94: Yes | P94: See Study_ID=11 | Q94: Yes | T94: Yes | U94: Yes | W94: wc 26/01/2026 | X94: Naproxen_B1 | Y94: Yes | Z94: 2 | AA94: 50 | AB94: 24 | AC94: =IF(AND(A94<>A93,T94="Yes"),A94,"") | AE94: =IF(AC94="","",MID(X94,1,(FIND("_",X94))-1)) | AI94: =IF(AC94="","",SUBSTITUTE(IF(MID(I94,1,5)="Yes, ",MID(I94,6,100),I94)," ",",")) | AJ94: =IF(AC94="","",SUBSTITUTE(B94," ",",")) | AN94: =IF(AM94<>"",CONCATENATE(AC94," & ",SUBSTITUTE(AJ94,","," ")," & ",SUBSTITUTE(AF94,"."," ")," & ",AL94," & ",AM94," \\"),"")
A95: CUTCAW | B95: C14 H10 O1 | C95: 10 | D95: Phenanthrenol | E95: Phenanthren-9-ol | G95: CUTCAW | H95: Yes | I95: Yes, CSD version 6.01 with Feb 2026 update | J95: \CHEMISTRY_CPOSS\0-EarlySearches\home\louise_price.eminerals\Steroids\phenanthrenol\dmaflex | K95: Panos Karamertzanis | L95: Study_ID=20, CrystalOptimizer, DMACRYS (1.1.1) | M95: See Study_ID=0 (20) | N95: 2009 | O95: Yes | P95: See Study_ID=20 | Q95: Yes | T95: Yes | U95: Yes | W95: wc 04/05/2026 | X95: Phenanthrenol_A2 | Y95: Yes | Z95: 1 | AA95: 10 | AB95: 6.058 | AC95: =IF(AND(A95<>A94,T95="Yes"),A95,"") -> CUTCAW | AD95: Phenanthrenol | AE95: =IF(AC95="","",MID(X95,1,(FIND("_",X95))-1)) -> Phenanthrenol | AF95: =AE95 -> Phenanthrenol | AG95: May2026 | AH95: A1 | AI95: =IF(AC95="","",SUBSTITUTE(IF(MID(I95,1,5)="Yes, ",MID(I95,6,100),I95)," ",",")) -> CSD,version,6.01,with,Feb,2026,update | AJ95: =IF(AC95="","",SUBSTITUTE(B95," ",",")) -> C14,H10,O1 | AL95: 1 | AM95: 2 | AN95: =IF(AM95<>"",CONCATENATE(AC95," & \ce{",SUBSTITUTE(AJ95,","," "),"} & ",SUBSTITUTE(AF95,"."," ")," & ",AL95," & ",AM95," \\"),"") -> CUTCAW & \ce{C14 H10 O1} & Phenanthrenol & 1 & 2 \\
A96: CUTCAW | B96: C14 H10 O1 | C96: 20 | D96: Phenanthrenol | E96: Phenanthren-9-ol | G96: CUTCAW | H96: Yes | I96: Yes, CSD version 6.01 with Feb 2026 update | J96: \CHEMISTRY_CPOSS\0-EarlySearches\home\louise_price.eminerals\Steroids\phenanthrenol\rigid | K96: Panos Karamertzanis | L96: Rigid CrystalPredictor, DMACRYS (1.1.1) | M96: Friščić T, Lancaster RW, Fabian L, Karamertzanis PG PNAS 2010, 107 (30), 13216-13221 | N96: 2009 | O96: Yes | P96: In CUTCAW_overview | Q96: Yes | T96: Yes | U96: Yes | W96: wc 04/05/2026 | X96: Phenanthrenol_A1 | Y96: Yes | Z96: 1 | AA96: 2691 | AB96: 28.13 | AC96: =IF(AND(A96<>A95,T96="Yes"),A96,"") | AE96: =IF(AC96="","",MID(X96,1,(FIND("_",X96))-1)) | AI96: =IF(AC96="","",SUBSTITUTE(IF(MID(I96,1,5)="Yes, ",MID(I96,6,100),I96)," ",",")) | AJ96: =IF(AC96="","",SUBSTITUTE(B96," ",",")) | AN96: =IF(AM96<>"",CONCATENATE(AC96," & ",SUBSTITUTE(AJ96,","," ")," & ",SUBSTITUTE(AF96,"."," ")," & ",AL96," & ",AM96," \\"),"")
A97: CYTSIN | B97: C4 H5 N3 O1 | C97: 0 | D97: Cytosine | E97: 4-amino-3,4-dihydro-1H-pyrimidin-2-one | F97: 4-amino-2-hydroxypyrimidine | G97: CYTSIN02, CYTSIN03 | H97: Yes | I97: Yes, CSD version 6.01 with Feb 2026 update | J97: \CHEMISTRY_CPOSS\0-EarlySearches\home\louise_price.eminerals\cytosine | K97: Tom Lewis | L97: MOLPAK, DMAREL (4.1.1) | M97: No publication planned | N97: 2005 | O97: Yes | P97: In CYTSIN_overview | Q97: Yes | T97: Yes | U97: Yes | W97: wc 20/04/2026 | X97: Cytosine_A1 | Y97: Yes | Z97: 1 | AA97: 30 | AB97: 18.59 | AC97: =IF(AND(A97<>A96,T97="Yes"),A97,"") -> CYTSIN | AD97: Cytosine | AE97: =IF(AC97="","",MID(X97,1,(FIND("_",X97))-1)) -> Cytosine | AF97: =AE97 -> Cytosine | AG97: April2026 | AH97: A1 | AI97: =IF(AC97="","",SUBSTITUTE(IF(MID(I97,1,5)="Yes, ",MID(I97,6,100),I97)," ",",")) -> CSD,version,6.01,with,Feb,2026,update | AJ97: =IF(AC97="","",SUBSTITUTE(B97," ",",")) -> C4,H5,N3,O1 | AL97: 1 | AM97: 1 | AN97: =IF(AM97<>"",CONCATENATE(AC97," & \ce{",SUBSTITUTE(AJ97,","," "),"} & ",SUBSTITUTE(AF97,"."," ")," & ",AL97," & ",AM97," \\"),"") -> CYTSIN & \ce{C4 H5 N3 O1} & Cytosine & 1 & 1 \\
A98: CYURAC | B98: C3 H3 N3 O3 | C98: 0 | D98: Cyanuric acid | E98: 1,3,5-Triazinane-2,4,6-trione | G98: CYURAC12 | H98: Yes | I98: Yes, CSD version 6.01 with Feb 2026 update | J98: \CHEMISTRY_CPOSS\0-EarlySearches\home\louise_price.eminerals\cyanuric | K98: Tom Lewis | L98: MOLPAK, DMAREL (3.0) | M98: Lewis, T. C., Tocher, D. A., Price, S. L., Cryst. Growth Des., 5(3), 983-993 (2005) | N98: 2005 | O98: Yes | P98: In CYURAC_overview | Q98: Yes | T98: Yes | U98: Yes | W98: wc 20/04/2026 | X98: CyanuricAcid_A1 | Y98: Yes | Z98: 1 | AA98: 19 | AB98: 6.1 | AC98: =IF(AND(A98<>A97,T98="Yes"),A98,"") -> CYURAC | AD98: CyanuricAcid | AE98: =IF(AC98="","",MID(X98,1,(FIND("_",X98))-1)) -> CyanuricAcid | AF98: Cyanuric.Acid | AG98: April2026 | AH98: A1 | AI98: =IF(AC98="","",SUBSTITUTE(IF(MID(I98,1,5)="Yes, ",MID(I98,6,100),I98)," ",",")) -> CSD,version,6.01,with,Feb,2026,update | AJ98: =IF(AC98="","",SUBSTITUTE(B98," ",",")) -> C3,H3,N3,O3 | AL98: 1 | AM98: 1 | AN98: =IF(AM98<>"",CONCATENATE(AC98," & \ce{",SUBSTITUTE(AJ98,","," "),"} & ",SUBSTITUTE(AF98,"."," ")," & ",AL98," & ",AM98," \\"),"") -> CYURAC & \ce{C3 H3 N3 O3} & Cyanuric Acid & 1 & 1 \\
A99: DAQYUQ | B99: C10 H8 N2 . C7 H7 N1 O2 . C7 H7 N1 O2 | C99: 10 | D99: 2 molecules of 4-aminobenzoic acid - 1 molecule of 2,2'-bipyridyl | E99: 2 molecules of 4-aminobenzoic acid - 1 molecule of 2,2'-bipyridyl | G99: DAQYUQ | H99: Yes | I99: Yes, CSD version 6.01 with Feb 2026 update | J99: \CHEMISTRY_CPOSS\0-EarlySearches\home\louise_price.eminerals\aminobenzoic_acid-bipyridyl2-1_fit | K99: Nizar Issa / Panos Karamertzanis | L99: Study_ID=11 or 12 (not sure), DMAREL (4.3.6) | M99: See Study_ID=12 | N99: 2009 | O99: Yes | P99: See Study_ID=12 | Q99: Yes | T99: Yes | U99: Yes | W99: wc 06/04/2026 | X99: Bipy-2Aminobenzoic_A3 | Y99: Yes | Z99: 1 | AA99: 56 | AB99: 62.14 | AC99: =IF(AND(A99<>A98,T99="Yes"),A99,"") -> DAQYUQ | AD99: 1.Cocrystals/Bipy-2Aminobenzoic | AE99: =IF(AC99="","",MID(X99,1,(FIND("_",X99))-1)) -> Bipy-2Aminobenzoic | AF99: Bipyridine.bis.Aminobenzoic.Acid.cocrystal | AG99: April2026 | AH99: A2 | AI99: =IF(AC99="","",SUBSTITUTE(IF(MID(I99,1,5)="Yes, ",MID(I99,6,100),I99)," ",",")) -> CSD,version,6.01,with,Feb,2026,update | AJ99: =IF(AC99="","",SUBSTITUTE(B99," ",",")) -> C10,H8,N2,.,C7,H7,N1,O2,.,C7,H7,N1,O2 | AL99: 1 | AM99: 3 | AN99: =IF(AM99<>"",CONCATENATE(AC99," & \ce{",SUBSTITUTE(AJ99,","," "),"} & ",SUBSTITUTE(AF99,"."," ")," & ",AL99," & ",AM99," \\"),"") -> DAQYUQ & \ce{C10 H8 N2 . C7 H7 N1 O2 . C7 H7 N1 O2} & Bipyridine bis Aminobenzoic Acid cocrystal & 1 & 3 \\
A100: DAQYUQ | B100: C10 H8 N2 . C7 H7 N1 O2 . C7 H7 N1 O2 | C100: 11 | D100: 2 molecules of 4-aminobenzoic acid - 1 molecule of 2,2'-bipyridyl | E100: 2 molecules of 4-aminobenzoic acid - 1 molecule of 2,2'-bipyridyl | G100: DAQYUQ | H100: Yes | I100: Yes, CSD version 6.01 with Feb 2026 update | J100: \CHEMISTRY_CPOSS\0-EarlySearches\home\louise_price.eminerals\aminobenzoic_acid-bipyridyl2-1_will_sp | K100: Nizar Issa / Panos Karamertzanis | L100: Flexible CrystalPredictor (1), DMAflex-Q, DMAflex (single iteration), DMACRYS (1.1.0) | M100: See Study_ID=12 | N100: 2009 | O100: Yes | P100: See Study_ID=12 | Q100: Yes | T100: Yes | U100: Yes | W100: wc 06/04/2026 | X100: Bipy-2Aminobenzoic_A1 | Y100: Yes | Z100: 1 | AA100: 667 | AB100: 79.864 | AC100: =IF(AND(A100<>A99,T100="Yes"),A100,"") | AE100: =IF(AC100="","",MID(X100,1,(FIND("_",X100))-1)) | AI100: =IF(AC100="","",SUBSTITUTE(IF(MID(I100,1,5)="Yes, ",MID(I100,6,100),I100)," ",",")) | AJ100: =IF(AC100="","",SUBSTITUTE(B100," ",",")) | AN100: =IF(AM100<>"",CONCATENATE(AC100," & ",SUBSTITUTE(AJ100,","," ")," & ",SUBSTITUTE(AF100,"."," ")," & ",AL100," & ",AM100," \\"),"")
...

Sheet Sheet1
A1: Scientist | B1: Date | G1: 23-dichloronitrobenzene
A2: Helen Tsui | B2: 2003 | G2: 24-dichloronitrobenzene
A3: Antonio Torrisi | B3: 2004 | G3: 25-dichloronitrobenzene
A4: Binal Patel / Tom Lewis | B4: 2004 | G4: 26-dichloronitrobenzene
A5: Carole Ouvrard | B5: 2004 | G5: 2-Aminobenzamide
A6: Pinky Pridhanani-Jethani / Tom Lewis | B6: 2004 | G6: 2-AminobenzoicAcid
A7: Sarah Barnett | B7: 2004 | G7: 2bromobenzamide
A8: Tom Lewis | B8: 2004 | G8: 2C4NBA
A9: Antonio Torrisi | B9: 2005 | G9: 2C5NBA
A10: Ashley Hulme | B10: 2005 | G10: 2chlorobenzamide
A11: Harriott Nowell | B11: 2005 | G11: 2fluorobenzamide
A12: Juliette Pradon / Sarah Barnett | B12: 2005 | G12: 2-fluoroethynylbenzene
A13: Panos Karamertzanis | B13: 2005 | G13: 2-fluorotoluene
... A15: Tom Lewis | B15: 2005 | G15: 2M4NBA
A16: Ashley Hulme | B16: 2005-7 | G16: 34-dichloronitrobenzene
A17: Ashley Hulme / Sarah Barnett | B17: 2005-7 | G17: 34-dinitrochlorobenzene
A18: Nizar Issa | B18: 2005-7 | G18: 35-dichloronitrobenzene
A19: Nizar Issa / Sarah Barnett | B19: 2005-7 | G19: 3aminobenzamide
A20: Sarah Barnett | B20: 2005-7 | G20: 3-fluorotoluene
A21: Tom Lewis | B21: 2005-7 | G21: 3-HydroxybenzoicAcid
A22: Sarah Barnett | B22: 2005-8 | G22: 3Oxauracil
A23: Ashley Hulme | B23: 2006 | G23: 4-Aminobenzamide
A24: Ashley Hulme | B24: 2007 | G24: 4-AminobenzoicAcid
A25: Antonio Torrisi | B25: 2008 | G25: 4C2NBA
A26: Gareth Welch | B26: 2008 | G26: 4-CyanoPyridine
A27: Gareth Welch / Alston Misquitta | B27: 2008 | G27: 4Dimethylaminopyridine
A28: Nizar Issa (Louise Price) | B28: 2008 | G28: 4-FluorobenzoicAcid
A29: Panos Karamertzanis | B29: 2008 | G29: 4-fluorotoluene
A30: Sally Price | B30: 2008 | G30: 4-HydroxybenzoicAcid
A31: Sharmarke Mohamed | B31: 2008 | G31: 4Hydroxycoumarin
A32: Emiliana D'Oria | B32: 2009 | G32: 5aminouracil
A33: Matthew Habgood | B33: 2009 | G33: 5Azauracil
A34: Nizar Issa / Panos Karamertzanis | B34: 2009 | G34: 5C2NBA
A35: Panos Karamertzanis | B35: 2009 | G35: 5chlorouracil
A36: Emiliana D'Oria / Doris Braun | B36: 2009-2010 | G36: 5cyanouracil
A37: Alston Misquitta | B37: 2010 | G37: 5eniluracil
A38: Andrei Kazantsev | B38: 2010 | G38: 5ethyluracil
A39: Doris Braun | B39: 2010 | G39: 5fluorocytosine
A40: Louise Price | B40: 2010 | G40: 5fluoroisatin
A41: Louise Price / Einat Schur | B41: 2010 | G41: 5nitrouracil
A42: Matthew Habgood | B42: 2010 | G42: 5vinyluracil
A43: Sally Price | B43: 2010 | G43: 6methoxycoumarin
A44: Sharmarke Mohamed | B44: 2010 | G44: 6methyluracil
A45: Anastasia Ntantou | B45: pre-2010 | G45: 7fluoroisatin
A46: Ashley Hulme | B46: pre-2010 | G46: 7hydroxycoumarin
A47: Emiliana D'Oria | B47: pre-2010 | G47: Acridine
A48: Harriott Nowell | B48: pre-2010 | G48: Adenine
A49: Louise Price | B49: pre-2010 | G49: Alloxan
A50: Nizar Issa | B50: pre-2010 | G50: Amantadine
A51: Nizar Issa / Panos Karamertzanis | B51: pre-2010 | G51: AminoPyrimidine
A52: Panos Karamertzanis | B52: pre-2010 | G52: Amoxapine
A53: Sally Price | B53: pre-2010 | G53: Anisole
A54: Sarah Barnett | B54: pre-2010 | G54: Anthracene
A55: Sharmarke Mohamed | B55: pre-2010 | G55: Aspirin
A56: Doris Braun | B56: 2011 | G56: Azabicyclononanedione
A57: Matthew Habgood | B57: 2011 | G57: Azetidine
A58: Ogaga Uzoh | B58: 2011 | G58: BarbituricAcid
A59: Sharmarke Mohamed | B59: 2011 | G59: Benzophenanthrene
A60: Doris Braun | B60: 2012 | G60: BenzylTetrazole
A61: Louise Price | B61: 2012 | G61: Bipyridine
A62: Matthew Habgood | B62: 2012 | G62: bResorcylicAcid
A63: Nizar Issa / Panos Karamertzanis | B63: 2012 | G63: BromoAminoBenzoicAcid
A64: Ogaga Uzoh | B64: 2012 | G64: BTVIII
A65: Doris Braun | B65: 2013 | G65: BTXII
A66: Joe Ridout | B66: 2013 | G66: BTXIII
A67: Louise Price | B67: 2013 | G67: BTXIV
... A77: Rui Guo | B77: 2015 | G77: BTXXVC
A78: Louise Price | B78: 2015-2019 | G78: BTXXVI
A79: Alex Aina | B79: 2016 | G79: BTXXVIII
A80: Luca Iuzzolino | B80: 2016 | G80: BTXXXI
A81: Rui Guo | B81: 2016 | G81: BTXXXII
A82: Stephen Tendyra | B82: 2016 | G82: BXXIII
A83: Erin Stevenson | B83: 2017 | G83: Caffeine
A84: Louise Price | B84: 2017 | G84: Cannabinol
A85: Agris Berzins | B85: 2018 | G85: Carbamazepine
A86: Dave Case | B86: 2018 | G86: CarbonicAcid
A87: Louise Price | B87: 2018 | G87: Chalcone
A88: Luca Iuzzolino | B88: 2018 | G88: 2-ChlorobenzoicAcid
A89: Michael Lawrence / Dave Case | B89: 2018 | G89: Chlorodibenzosuberone
A90: Isaac Sugden | B90: 2019 | G90: Chloroform
... A101: Shihao Ying | B101: 2025 | G101: Cytosine
G102: Deazauracil
G103: Dehydroproline
G104: Desloratadine
G105: DiaminoDinitroPyrazine
G106: DiaminoDinitroPyridineOxide
G107: DibenzoCycloheptenylEthanone
G108: Dibenzosuberenone
G109: Dichloromethane
G110: Diclofenac
G111: Dicyanobenzene
G112: Dihydrocarbamazepine
G113: DihydroDibenzoCycloheptenylEthanone
... G212: XXXIII

Sheet Progress
A1: Week | B1: Date | C1: Number this week | D1: Running total | E1: Running percentage | F1: Target number | G1: On target? | H1: =COUNTA(Database!X$2:X$549) -> 524 | I1: =H1/533 -> 0.98311445
A2: 1 | B2: 28/10/2024 | C2: =COUNTIF(Database!W:W,CONCATENATE("wc ",B2)) -> 12 | D2: =C2 -> 12 | E2: =D2/533*100 -> 2.2514071 | F2: =ROUNDUP(533/53*A2,0) -> 11 | G2: =IF(D2>=F2,"Yay!","Oh No!") -> Yay!
A3: 2 | B3: 04/11/2024 | C3: =COUNTIF(Database!W:W,CONCATENATE("wc ",B3)) -> 11 | D3: =D2+C3 -> 23 | E3: =D3/533*100 -> 4.315197 | F3: =ROUNDUP(533/53*A3,0) -> 21 | G3: =IF(D3>=F3,"Yay!","Oh No!") -> Yay!
A4: 3 | B4: 11/11/2024 | C4: =COUNTIF(Database!W:W,CONCATENATE("wc ",B4)) -> 28 | D4: =D3+C4 -> 51 | E4: =D4/533*100 -> 9.5684803 | F4: =ROUNDUP(533/53*A4,0) -> 31 | G4: =IF(D4>=F4,"Yay!","Oh No!") -> Yay!
A5: 4 | B5: 18/11/2024 | C5: =COUNTIF(Database!W:W,CONCATENATE("wc ",B5)) -> 5 | D5: =D4+C5 -> 56 | E5: =D5/533*100 -> 10.506567 | F5: =ROUNDUP(533/53*A5,0) -> 41 | G5: =IF(D5>=F5,"Yay!","Oh No!") -> Yay!
A6: 5 | B6: 25/11/2024 | C6: =COUNTIF(Database!W:W,CONCATENATE("wc ",B6)) -> 13 | D6: =D5+C6 -> 69 | E6: =D6/533*100 -> 12.945591 | F6: =ROUNDUP(533/53*A6,0) -> 51 | G6: =IF(D6>=F6,"Yay!","Oh No!") -> Yay!
A7: 6 | B7: 02/12/2024 | C7: =COUNTIF(Database!W:W,CONCATENATE("wc ",B7)) -> 5 | D7: =D6+C7 -> 74 | E7: =D7/533*100 -> 13.883677 | F7: =ROUNDUP(533/53*A7,0) -> 61 | G7: =IF(D7>=F7,"Yay!","Oh No!") -> Yay!
A8: 7 | B8: 09/12/2024 | C8: =COUNTIF(Database!W:W,CONCATENATE("wc ",B8)) -> 17 | D8: =D7+C8 -> 91 | E8: =D8/533*100 -> 17.073171 | F8: =ROUNDUP(533/53*A8,0) -> 71 | G8: =IF(D8>=F8,"Yay!","Oh No!") -> Yay!
A9: 8 | B9: 16/12/2024 | C9: =COUNTIF(Database!W:W,CONCATENATE("wc ",B9)) -> 0 | D9: =D8+C9 -> 91 | E9: =D9/533*100 -> 17.073171 | F9: =ROUNDUP(533/53*A9,0) -> 81 | G9: =IF(D9>=F9,"Yay!","Oh No!") -> Yay!
A10: 9 | B10: 06/01/2025 | C10: =COUNTIF(Database!W:W,CONCATENATE("wc ",B10)) -> 0 | D10: =D9+C10 -> 91 | E10: =D10/533*100 -> 17.073171 | F10: =ROUNDUP(533/53*A10,0) -> 91 | G10: =IF(D10>=F10,"Yay!","Oh No!") -> Yay!
A11: 10 | B11: 13/01/2025 | C11: =COUNTIF(Database!W:W,CONCATENATE("wc ",B11)) -> 9 | D11: =D10+C11 -> 100 | E11: =D11/533*100 -> 18.761726 | F11: =ROUNDUP(533/53*A11,0) -> 101 | G11: =IF(D11>=F11,"Yay!","Oh No!") -> Oh No!
A12: 11 | B12: 20/01/2025 | C12: =COUNTIF(Database!W:W,CONCATENATE("wc ",B12)) -> 3 | D12: =D11+C12 -> 103 | E12: =D12/533*100 -> 19.324578 | F12: =ROUNDUP(533/53*A12,0) -> 111 | G12: =IF(D12>=F12,"Yay!","Oh No!") -> Oh No!
A13: 12 | B13: 27/01/2025 | C13: =COUNTIF(Database!W:W,CONCATENATE("wc ",B13)) -> 3 | D13: =D12+C13 -> 106 | E13: =D13/533*100 -> 19.88743 | F13: =ROUNDUP(533/53*A13,0) -> 121 | G13: =IF(D13>=F13,"Yay!","Oh No!") -> Oh No!
A14: 13 | B14: 03/02/2025 | C14: =COUNTIF(Database!W:W,CONCATENATE("wc ",B14)) -> 0 | D14: =D13+C14 -> 106 | E14: =D14/533*100 -> 19.88743 | F14: =ROUNDUP(533/53*A14,0) -> 131 | G14: =IF(D14>=F14,"Yay!","Oh No!") -> Oh No!
... A53: 52 | B53: 24/11/2025 | C53: =COUNTIF(Database!W:W,CONCATENATE("wc ",B53)) -> 8 | D53: =D52+C53 -> 146 | E53: =D53/533*100 -> 27.39212 | F53: =ROUNDUP(533/53*A53,0) -> 523 | G53: =IF(D53>=F53,"Yay!","Oh No!") -> Oh No!
A54: 53 | B54: 01/12/2025 | C54: =COUNTIF(Database!W:W,CONCATENATE("wc ",B54)) -> 6 | D54: =D53+C54 -> 152 | E54: =D54/533*100 -> 28.517824 | F54: 539 | G54: =IF(D54>=F54,"Yay!","Oh No!") -> Oh No!
A55: 54 | B55: 08/12/2025 | C55: =COUNTIF(Database!W:W,CONCATENATE("wc ",B55)) -> 15 | D55: =D54+C55 -> 167 | E55: =D55/533*100 -> 31.332083 | F55: 539 | G55: =IF(D55>=F55,"Yay!","Oh No!") -> Oh No!
A56: 55 | B56: 15/12/2025 | C56: =COUNTIF(Database!W:W,CONCATENATE("wc ",B56)) -> 15 | D56: =D55+C56 -> 182 | E56: =D56/533*100 -> 34.146341 | F56: 541 | G56: =IF(D56>=F56,"Yay!","Oh No!") -> Oh No!
A57: 56 | B57: 05/01/2026 | C57: =COUNTIF(Database!W:W,CONCATENATE("wc ",B57)) -> 0 | D57: =D56+C57 -> 182 | E57: =D57/533*100 -> 34.146341 | F57: 539 | G57: =IF(D57>=F57,"Yay!","Oh No!") -> Oh No!
A58: 57 | B58: 12/01/2026 | C58: =COUNTIF(Database!W:W,CONCATENATE("wc ",B58)) -> 30 | D58: =D57+C58 -> 212 | E58: =D58/533*100 -> 39.774859 | F58: 539 | G58: =IF(D58>=F58,"Yay!","Oh No!") -> Oh No!
A59: 58 | B59: 19/01/2026 | C59: =COUNTIF(Database!W:W,CONCATENATE("wc ",B59)) -> 17 | D59: =D58+C59 -> 229 | E59: =D59/533*100 -> 42.964353 | F59: 544 | G59: =IF(D59>=F59,"Yay!","Oh No!") -> Oh No!
A60: 59 | B60: 26/01/2026 | C60: =COUNTIF(Database!W:W,CONCATENATE("wc ",B60)) -> 14 | D60: =D59+C60 -> 243 | E60: =D60/533*100 -> 45.590994 | F60: 544 | G60: =IF(D60>=F60,"Yay!","Oh No!") -> Oh No!
A61: 60 | B61: 02/02/2026 | C61: =COUNTIF(Database!W:W,CONCATENATE("wc ",B61)) -> 0 | D61: =D60+C61 -> 243 | E61: =D61/533*100 -> 45.590994 | F61: 544 | G61: =IF(D61>=F61,"Yay!","Oh No!") -> Oh No!
A62: 61 | B62: 09/02/2026 | C62: =COUNTIF(Database!W:W,CONCATENATE("wc ",B62)) -> 0 | D62: =D61+C62 -> 243 | E62: =D62/533*100 -> 45.590994 | F62: 544 | G62: =IF(D62>=F62,"Yay!","Oh No!") -> Oh No!
A63: 62 | B63: 16/02/2026 | C63: =COUNTIF(Database!W:W,CONCATENATE("wc ",B63)) -> 0 | D63: =D62+C63 -> 243 | E63: =D63/533*100 -> 45.590994 | F63: 544 | G63: =IF(D63>=F63,"Yay!","Oh No!") -> Oh No!
A64: 63 | B64: 23/02/2026 | C64: =COUNTIF(Database!W:W,CONCATENATE("wc ",B64)) -> 1 | D64: =D63+C64 -> 244 | E64: =D64/533*100 -> 45.778612 | F64: 544 | G64: =IF(D64>=F64,"Yay!","Oh No!") -> Oh No!
A65: 64 | B65: 02/03/2026 | C65: =COUNTIF(Database!W:W,CONCATENATE("wc ",B65)) -> 48 | D65: =D64+C65 -> 292 | E65: =D65/533*100 -> 54.78424 | F65: 544 | G65: =IF(D65>=F65,"Yay!","Oh No!") -> Oh No!
... A79: 78 | B79: 08/06/2026 | C79: =COUNTIF(Database!W:W,CONCATENATE("wc ",B79)) -> 11 | D79: =D78+C79 -> 541 | E79: =D79/533*100 -> 101.50094 | F79: 548 | G79: =IF(D79>=F79,"Yay!","Oh No!") -> Oh No!
A80: 79 | C80: =COUNTIF(Database!W:W,CONCATENATE("wc ",B80)) -> 0 | D80: =D79+C80 -> 541 | E80: =D80/533*100 -> 101.50094 | F80: 548 | G80: =IF(D80>=F80,"Yay!","Oh No!") -> Oh No!
A81: 80 | C81: =COUNTIF(Database!W:W,CONCATENATE("wc ",B81)) -> 0 | D81: =D80+C81 -> 541 | E81: =D81/533*100 -> 101.50094 | F81: 548 | G81: =IF(D81>=F81,"Yay!","Oh No!") -> Oh No!
A82: 81 | C82: =COUNTIF(Database!W:W,CONCATENATE("wc ",B82)) -> 0 | D82: =D81+C82 -> 541 | E82: =D82/533*100 -> 101.50094 | F82: 548 | G82: =IF(D82>=F82,"Yay!","Oh No!") -> Oh No!
A83: 82
A84: 83
A85: 84
